Action,Portfolio,Broker & acct,Asset class,Ticker / ISIN / Reference,Security name,Currency,Trade date, Executed unit price , Executed quantity ,Transaction cost
Buy,FGI,LGT,Equities,388 HK EQUITY,,HKD,1/1/2025,287,"6,172",
Buy,FGI,LGT,Equities,US91282CBQ33 Govt,,USD,1/1/2025,95.88,"120,000",
Buy,FGI,LGT,Equities,700 HK EQUITY,,HKD,1/1/2025,416,"6,428",
Buy,FGI,LGT,Equities,941 HK EQUITY,,HKD,1/1/2025,75.6,"71,000",
Buy,FGI,LGT,Equities,5 HK EQUITY,,HKD,1/1/2025,75.7,"21,200",
Buy,FGI,LGT,Equities,728 HK EQUITY,,HKD,1/1/2025,4.71,"230,000",
Buy,FGI,LGT,Equities,9988 HK EQUITY,,HKD,1/1/2025,81.3,"22,146",
Buy,FGI,LGT,Equities,857 HK EQUITY,,HKD,1/1/2025,6.03,"150,000",
Buy,FGI,LGT,Equities,2800 HK EQUITY,,HKD,1/1/2025,19.78,"49,338",
Buy,FGI,LGT,Equities,3188 HK EQUITY,,HKD,1/1/2025,41.92,"20,000",
Buy,Sinowell,HSBC,Equities,700 HK EQUITY,TENCENT HOLDINGS LTD,HKD,8/1/2025,376,"2,600",0
Buy,Personal,HSBC,Cash,Cash - HKD,Cash - HKD,HKD,10/1/2025,"967,256.37",1,0
Sell,Personal,HSBC,Cash,Cash - USD,Cash - USD,USD,10/1/2025,"124,346.95",-1,0
Sell,Personal,HSBC,Cash,Deposit USD,Deposit USD,USD,10/1/2025,"124,346.95",-1,0
Sell,Sinowell,HSBC,Cash,Deposit HKD,Deposit HKD,HKD,10/1/2025,"981,105.10",-1,0
Sell,Sinowell,HSBC,Cash,Deposit USD,Deposit USD,USD,22/1/2025,"220,000.00",-1,0
Sell,Sinowell,HSBC,Cash,Deposit HKD,Deposit HKD,HKD,22/1/2025,"598,662.19",-1,0
Sell,Sinowell,HSBC,Cash,Cash - USD,Cash - USD,USD,22/1/2025,"220,000.00",-1,0
Sell,Sinowell,HSBC,Cash,Cash - HKD,Cash - HKD,HKD,22/1/2025,"598,662.19",-1,0
Buy,Personal,HSBC,Cash,Cash - USD,Cash - USD,USD,22/1/2025,"220,000.00",1,0
Buy,FGI,LGT,Cash,Cash - USD,Cash - USD,USD,27/1/2025,"3,400,000.00",1,0
Sell,FGI,LGT,Equities,9988 HK Equity,ALIBABA GROUP HOLDING LTD,HKD,4/2/2025,97.25,"-11,000",0
Sell,FGI,LGT,Cash,Cash - USD,Cash - USD,USD,4/2/2025,"3,877,791.00",-1,0
Buy,FGI,LGT,Cash,Cash - HKD,Cash - HKD,HKD,4/2/2025,"952,496.95",-1,0
Buy,Personal,HSBC,Cash,Cash - USD,Cash - USD,USD,5/2/2025,"3,006,756.00",1,0
Buy,Personal,HSBC,Cash,Deposit USD,Deposit USD,USD,5/2/2025,"3,006,756.00",1,0
Sell,FGI,LGT,Equities,3188 HK Equity,CHINAAMC ETF SERIES - CH-HKD,HKD,10/2/2025,42.84,"-20,000",0
Sell,Personal,HSBC,Equities,9988 HK Equity,ALIBABA GROUP HOLDING LTD,HKD,10/2/2025,105.3,"-15,000",0
Sell,Sinowell,HSBC,Equities,9988 HK Equity,ALIBABA GROUP HOLDING LTD,HKD,10/2/2025,105.3,"-13,000",0
Sell,FGI,LGT,Equities,2800 HK Equity,TRACKER FUND OF HONG KONG-B,HKD,12/2/2025,21.84,"-49,338",0
Sell,Personal,HSBC,Equities,7200 HK EQUITY,CSOP HANG SENG  INDEX  DAI-H,HKD,12/2/2025,4.45,"-550,600",0
Sell,Sinowell,HSBC,Equities,7200 HK EQUITY,CSOP HANG SENG  INDEX  DAI-H,HKD,12/2/2025,4.45,"-550,600",0
Buy,FGI,LGT,Cash,Cash - USD,Cash - USD,USD,14/1/2025,"1,155,474.19",1,0
Sell,FGI,LGT,Cash,Cash - HKD,Cash - HKD,HKD,14/1/2025,"9,000,000.00",-1,0
Buy,FGI,HSBC,Cash,Deposit USD,Deposit USD,USD,14/1/2025,"1,168,021.85",1,0
Buy,Personal,HSBC,Cash,Deposit HKD,Deposit HKD,HKD,14/1/2025,"2,444,934.67",1,0
Buy,Sinowell,HSBC,Cash,Deposit HKD,Deposit HKD,HKD,14/1/2025,"2,443,836.32",1,0
Buy,FGI,LGT,Cash,Cash - USD,Cash - USD,USD,17/2/2025,"164,041.63",1,0
Sell,FGI,LGT,Cash,Cash - CNY,Cash - CNY,CNY,17/2/2025,"1,199,521.62",-1,0
Buy,FGI,HSBC,Cash,Deposit USD,Deposit USD,USD,,"600,000.00",1,0
Sell,FGI,LGT,Equities,700 HK Equity,TENCENT HOLDINGS LTD,HKD,21/2/2025,508.5,"-1,500",0
Sell,Personal,HSBC,Equities,700 HK Equity,TENCENT HOLDINGS LTD,HKD,21/2/2025,511.5,"-1,500",0
Sell,Sinowell,HSBC,Equities,700 HK Equity,TENCENT HOLDINGS LTD,HKD,21/2/2025,511.5,"-1,500",0
Sell,FGI,LGT,Equities,941 HK Equity,CHINA MOBILE LTD-H,HKD,21/2/2025,82.2,"-19,000",0
Sell,Personal,HSBC,Equities,3188 HK Equity,CHINAAMC ETF SERIES - CH-HKD,HKD,21/2/2025,43.98,"-25,000",0
Sell,Sinowell,HSBC,Equities,3188 HK Equity,CHINAAMC ETF SERIES - CH-HKD,HKD,21/2/2025,44.01,"-25,000",0
Sell,Personal,HSBC,Cash,Cash - HKD,Cash - HKD,HKD,26/2/2025,"3,000,000.00",-1,0
Buy,FGI,HSBC,Cash,Cash - USD,Cash - USD,USD,28/2/2025,"250,000.00",1,0
Buy,FGI,HSBC,Cash,Deposit USD,Deposit USD,USD,28/2/2025,"250,000.00",1,0
Buy,FGI,LGT,Equities,1 HK Equity,CK HUTCHISON HOLDINGS LTD,HKD,28/2/2025,39.1,"40,000",0
Buy,Personal,HSBC,Equities,1 HK Equity,CK HUTCHISON HOLDINGS LTD,HKD,28/2/2025,39.05,"40,000",0
Buy,Sinowell,HSBC,Equities,1 HK Equity,CK HUTCHISON HOLDINGS LTD,HKD,28/2/2025,39.06,"40,000",0
Sell,FGI,LGT,Equities,1 HK Equity,CK HUTCHISON HOLDINGS LTD,HKD,5/3/2025,46.45,"-40,000",0
Sell,FGI,LGT,Equities,728 HK Equity,CHINA TELECOM CORP LTD-H,HKD,5/3/2025,5.95,"-116,000",0
Sell,Sinowell,HSBC,Equities,728 HK Equity,CHINA TELECOM CORP LTD-H,HKD,5/3/2025,5.95,"-165,000",0
Sell,Personal,HSBC,Equities,728 HK Equity,CHINA TELECOM CORP LTD-H,HKD,5/3/2025,5.95,"-175,000",0
Buy,FGI,LGT,Equities,857 HK Equity,PETROCHINA CO LTD-H,HKD,5/3/2025,5.76,"136,000",0
Buy,Sinowell,HSBC,Equities,857 HK Equity,PETROCHINA CO LTD-H,HKD,5/3/2025,5.76,"136,000",0
Buy,Personal,HSBC,Equities,857 HK Equity,PETROCHINA CO LTD-H,HKD,5/3/2025,5.76,"136,000",0
Sell,Personal,HSBC,Equities,1 HK Equity,CK HUTCHISON HOLDINGS LTD,HKD,6/3/2025,52.2,"-20,000",0
Sell,Sinowell,HSBC,Equities,1 HK Equity,CK HUTCHISON HOLDINGS LTD,HKD,6/3/2025,52.25,"-20,000",0
Sell,Personal,HSBC,Cash,Cash - USD,Cash - USD,USD,12/3/2025,"96,615.00",-1,0
Sell,FGI,LGT,Equities,700 HK Equity,TENCENT HOLDINGS LTD,HKD,14/3/2025,525.5,"-1,500",0
Sell,FGI,LGT,Equities,388 HK Equity,HONG KONG EXCHANGES & CLEAR,HKD,14/3/2025,354.08,"-2,200",0
Sell,FGI,LGT,Equities,9988 HK Equity,ALIBABA GROUP HOLDING LTD,HKD,14/3/2025,136.2,"-5,200",0
Sell,FGI,LGT,Bonds,US91282CBQ33 Govt,US TREASURY N/B,USD,14/3/2025,96.64,"-120,000",0
Sell,Personal,HSBC,Equities,700 HK Equity,TENCENT HOLDINGS LTD,HKD,17/3/2025,526,"-1,500",0
Sell,Personal,HSBC,Bonds,US91282CBQ33 Govt,US TREASURY N/B,USD,17/3/2025,96.53,"-75,000",0
Sell,Sinowell,HSBC,Equities,700 HK Equity,TENCENT HOLDINGS LTD,HKD,17/3/2025,526.5,"-1,500",0
Sell,Sinowell,HSBC,Equities,388 HK Equity,HONG KONG EXCHANGES & CLEAR,HKD,17/3/2025,368,"-1,500",0
Buy,FGI,LGT,Cash,Cash - USD,Cash - USD,USD,18/3/2025,"1,150,000.00",1,0
Buy,FGI,HSBC,Cash,Deposit USD,Deposit USD,USD,18/3/2025,"1,150,000.00",1,0
Buy,FGI,LGT,Cash,Cash - USD,Cash - USD,USD,18/3/2025,"6,000.00",1,0
Sell,Personal,HSBC,Equities,9961 HK Equity,TRIP.COM GROUP LTD,HKD,18/3/2025,510,"-1,100",0
Sell,Sinowell,HSBC,Equities,9961 HK Equity,TRIP.COM GROUP LTD,HKD,18/3/2025,510,"-1,100",0
Buy,FGI,LGT,Equities,857 HK Equity,PETROCHINA CO LTD-H,HKD,18/3/2025,6.06,"260,000",0
Buy,FGI,HSBC,Cash,Deposit USD,Deposit USD,USD,28/3/2025,"2,809.36",1,0
Buy,Personal,HSBC,Cash,Deposit USD,Deposit USD,USD,28/3/2025,"49,795.41",1,0
Sell,Personal,HSBC,Cash,Deposit HKD,Deposit HKD,HKD,28/3/2025,"9,084.05",-1,0
Sell,Personal,HSBC,Cash,Cash - Loan (CHF),Cash - Loan (CHF),CHF,28/3/2025,"9,283.91",-1,0
Sell,Sinowell,HSBC,Cash,Deposit USD,Deposit USD,USD,28/3/2025,"6,237.08",-1,0
Buy,Sinowell,HSBC,Cash,Deposit HKD,Deposit HKD,HKD,28/3/2025,"99,105.98",1,0
Sell,Personal,HSBC,Cash,Cash - USD,Cash - USD,USD,31/3/2025,"2,272,342.43",-1,0
Sell,Personal,HSBC,Fixed deposits,Deposit USD,Deposit USD,USD,31/3/2025,"2,112,342.43",-1,0
Sell,FGI,LGT,Equities,857 HK Equity,PETROCHINA CO LTD-H,HKD,1/4/2025,6.45,"-270,000",0
Buy,Sinowell,HSBC,Fixed deposits,Deposit USD,Deposit USD,USD,3/4/2025,"24,208.46",1,0
Buy,FGI,HSBC,Cash,Deposit USD,Deposit USD,USD,28/3/2025,"8,000.00",1,0
Buy,Personal,HSBC,Equities,823 HK Equity,LINK REIT,HKD,10/4/2025,33.8,"23,000",0
Buy,Sinowell,HSBC,Equities,823 HK Equity,LINK REIT,HKD,10/4/2025,33.75,"23,000",0
Buy,Personal,HSBC,Fixed deposits,Deposit USD,Deposit USD,USD,14/4/2025,"333,332.00",1,0
Buy,Sinowell,HSBC,Cash,Cash - USD,Cash - USD,USD,14/4/2025,"333,333.00",1,0
Buy,Personal,HSBC,Equities,6823 HK Equity,HKT TRUST AND HKT LTD-SS,HKD,23/4/2025,10.94,"68,000",0
Buy,Sinowell,HSBC,Equities,6823 HK Equity,HKT TRUST AND HKT LTD-SS,HKD,23/4/2025,10.99,"68,000",0
Sell,FGI,LGT,Cash,Cash - HKD,Cash - HKD,HKD,24/4/2025,"4,700,000.00",-1,0
Sell,Sinowell,HSBC,Cash,Cash - Loan (CHF),Cash - Loan (CHF),CHF,25/4/2025,"823,800.00",-1,0
Buy,Sinowell,HSBC,Cash,Cash - USD,Cash - USD,USD,25/4/2025,"1,000,000.00",1,0
Buy,FGI,LGT,Cash,Cash - USD,Cash - USD,USD,28/4/2025,"7,632.00",1,0
Buy,Sinowell,HSBC,Cash,Cash - USD,Cash - USD,USD,28/4/2025,"7,920.00",1,0
Buy,Personal,HSBC,Cash,Cash - USD,Cash - USD,USD,28/4/2025,"9,360.00",1,0
Buy,Personal,HSBC,Equities,5 HK Equity,HSBC HOLDINGS PLC,HKD,2/5/2025,86.4,"9,200",0
Buy,Sinowell,HSBC,Equities,5 HK Equity,HSBC HOLDINGS PLC,HKD,2/5/2025,86.48,"9,200",0
Buy,FGI,LGT,Cash,Deposit USD,Deposit USD,USD,6/5/2025,"300,000.00",1,0
Buy,FGI,LGT,Cash,Cash - USD,Cash - USD,USD,7/5/2025,"10,000.00",1,0
Buy,Personal,HSBC,Cash,Cash - HKD,Cash - HKD,HKD,9/5/2025,"3,113.00",1,0
Buy,Personal,HSBC,Cash,Cash - USD,Cash - USD,USD,9/5/2025,"45,283.00",1,0
Sell,Personal,HSBC,Fixed deposits,Deposit HKD,Deposit HKD,HKD,9/5/2025,"770,238.42",-1,0
Buy,Sinowell,HSBC,Cash,Cash - HKD,Cash - HKD,HKD,9/5/2025,"49,018.00",1,0
Buy,Sinowell,HSBC,Cash,Cash - USD,Cash - USD,USD,9/5/2025,"14,125.00",1,0
Sell,Sinowell,HSBC,Cash,Cash - CHF,Cash - CHF,CHF,9/5/2025,"1,584.38",-1,0
Buy,Personal,HSBC,Fixed deposits,Deposit USD,Deposit USD,USD,9/5/2025,"75,844.00",1,0
Buy,Sinowell,HSBC,Fixed deposits,Deposit USD,Deposit USD,USD,9/5/2025,"1,373,122.00",1,0
Buy,Sinowell,HSBC,Fixed deposits,Deposit HKD,Deposit HKD,HKD,9/5/2025,"2,555,000.00",1,0
Buy,FGI,LGT,Cash,Cash - HKD,Cash - HKD,HKD,9/5/2025,"284,778.00",1,0
Buy,FGI,LGT,Cash,Cash - USD,Cash - USD,USD,9/5/2025,"55,621.00",1,0
Sell,FGI,LGT,Cash,Cash - CAD,Cash - CAD,CAD,9/5/2025,"93,489.00",-1,0
Buy,FGI,HSBC,Fixed deposits,Deposit USD,Deposit USD,USD,9/5/2025,"1,285.00",1,0
Buy,FGI,LGT,Fixed deposits,Deposit HKD,Deposit HKD,HKD,9/5/2025,"1,520,000.00",1,0
Buy,Personal,HSBC,PE,NOBLE Div Receivable,NOBLE Div Receivable,THB,9/5/2025,0.09,"260,930,677",0
Buy,FGI,LGT,PE,NOBLE Div Receivable,NOBLE Div Receivable,THB,9/5/2025,0.09,"5,591,500",0
Buy,Personal,HSBC,PE,NOBLE Warrant,NOBLE Warrant,THB,9/5/2025, -   ,1,0
Buy,FGI,LGT,PE,NOBLE Warrant,NOBLE Warrant,THB,9/5/2025, -   ,1,0
Buy,Personal,HSBC,PE,PROUD Warrant,PROUD Warrant,THB,9/5/2025, -   ,1,0
Buy,FGI,LGT,PE,PROUD Warrant,PROUD Warrant,THB,9/5/2025, -   ,1,0
Buy,Sinowell,HSBC,PE,PROUD Warrant,PROUD Warrant,THB,9/5/2025, -   ,1,0
Buy,FGI,LGT,PE,New Vista,New Vista,USD,9/5/2025,"60,000.00",1,0
Buy,Sinowell,HSBC,Cash,Cash - USD,Cash - USD,USD,9/5/2025,"1,918.00",1,0
Buy,Personal,HSBC,Equities,1810 HK Equity,XIAOMI CORP-CLASS B,HKD,13/5/2025,48.6,"16,000",0
Buy,Personal,HSBC,Equities,142 HK Equity,FIRST PACIFIC CO,HKD,13/5/2025,5.43,"72,000",0
Buy,Sinowell,HSBC,Equities,1810 HK Equity,XIAOMI CORP-CLASS B,HKD,13/5/2025,48.6,"16,000",0
Buy,Sinowell,HSBC,Equities,142 HK Equity,FIRST PACIFIC CO,HKD,13/5/2025,5.43,"72,000",0
Sell,Personal,HSBC,Equities,5 HK Equity,HSBC HOLDINGS PLC,HKD,14/5/2025,90.4,"-8,800",0
Sell,Sinowell,HSBC,Equities,5 HK Equity,HSBC HOLDINGS PLC,HKD,14/5/2025,90.4,"-8,800",0
Sell,Personal,HSBC,Equities,3188 HK Equity,CHINAAMC ETF SERIES - CH-HKD,HKD,14/5/2025,43.88,"-25,000",0
Sell,Sinowell,HSBC,Equities,3188 HK Equity,CHINAAMC ETF SERIES - CH-HKD,HKD,14/5/2025,43.96,"-25,000",0
Buy,Personal,HSBC,Equities,6823 HK Equity,HKT TRUST AND HKT LTD-SS,HKD,14/5/2025,11.44,"68,000",0
Buy,Sinowell,HSBC,Equities,6823 HK Equity,HKT TRUST AND HKT LTD-SS,HKD,14/5/2025,11.46,"68,000",0
Buy,Personal,HSBC,Equities,883 HK Equity,CNOOC LTD-H,HKD,14/5/2025,17.72,"45,000",0
Buy,Sinowell,HSBC,Equities,883 HK Equity,CNOOC LTD-H,HKD,14/5/2025,17.7,"45,000",0
Buy,Personal,HSBC,Equities,939 HK Equity,CHINA CONSTRUCTION BANK-H,HKD,14/5/2025,6.88,"114,000",0
Buy,Sinowell,HSBC,Equities,1398 HK Equity,IND & COMM BK OF CHINA-H,HKD,14/5/2025,5.61,"140,000",0
Buy,Personal,HSBC,Equities,941 HK Equity,CHINA MOBILE LTD-H,HKD,14/5/2025,84.85,"9,500",0
Buy,Sinowell,HSBC,Equities,941 HK Equity,CHINA MOBILE LTD-H,HKD,14/5/2025,84.85,"9,500",0
Buy,Personal,HSBC,Equities,2388 HK Equity,BOC HONG KONG HOLDINGS LTD,HKD,14/5/2025,32.65,"24,000",0
Buy,Sinowell,HSBC,Equities,2388 HK Equity,BOC HONG KONG HOLDINGS LTD,HKD,14/5/2025,32.65,"24,000",0
Buy,Personal,HSBC,Equities,142 HK Equity,FIRST PACIFIC CO,HKD,14/5/2025,5.57,"140,000",0
Buy,Sinowell,HSBC,Equities,142 HK Equity,FIRST PACIFIC CO,HKD,14/5/2025,5.58,"140,000",0
Buy,FGI,LGT,Equities,9988 HK Equity,ALIBABA GROUP HOLDING LTD,HKD,14/5/2025,128.8,"3,000",0
Buy,FGI,LGT,Equities,1810 HK Equity,XIAOMI CORP-CLASS B,HKD,14/5/2025,49.95,"16,000",0
Buy,FGI,LGT,Equities,142 HK Equity,FIRST PACIFIC CO,HKD,14/5/2025,5.54,"106,000",0
Buy,FGI,LGT,Equities,2388 HK Equity,BOC HONG KONG HOLDINGS LTD,HKD,14/5/2025,32.6,"18,000",0
Buy,FGI,LGT,Equities,939 HK Equity,CHINA CONSTRUCTION BANK-H,HKD,14/5/2025,6.89,"85,000",0
Buy,FGI,LGT,Equities,883 HK Equity,CNOOC LTD-H,HKD,14/5/2025,17.68,"33,000",0
Buy,FGI,LGT,Equities,6823 HK Equity,HKT TRUST AND HKT LTD-SS,HKD,14/5/2025,11.44,"51,000",0
Buy,FGI,LGT,Bonds,US58013MEZ32 Corp,MCDONALD'S CORP,USD,14/5/2025,95.69,"125,000",0
Buy,FGI,LGT,Bonds,US448579AT90 Corp,HYATT HOTELS CORP,USD,14/5/2025,98.8,"130,000",0
Buy,Personal,HSBC,Bonds,US58013MEZ32 Corp,MCDONALD'S CORP,USD,14/5/2025,95.8,"75,000",0
Buy,Personal,HSBC,Bonds,US448579AT90 Corp,HYATT HOTELS CORP,USD,14/5/2025,99.1,"80,000",0
Buy,Sinowell,HSBC,Bonds,US58013MEZ32 Corp,MCDONALD'S CORP,USD,14/5/2025,95.8,"75,000",0
Buy,Sinowell,HSBC,Bonds,US448579AT90 Corp,HYATT HOTELS CORP,USD,14/5/2025,99.1,"80,000",0
Sell,FGI,LGT,Cash,Deposit HKD,Deposit HKD,HKD,15/5/2025,"1,520,000.00",-1,0
Buy,FGI,LGT,Cash,Cash - USD,Cash - USD,USD,15/5/2025,"250,000.00",1,0
Sell,FGI,LGT,Cash,Cash - USD,Cash - USD,USD,15/5/2025,"348,669.00",-1,0
Buy,FGI,LGT,Cash,Cash - HKD,Cash - HKD,HKD,15/5/2025,"2,723,035.16",1,0
Sell,Personal,HSBC,Cash,Deposit HKD,Deposit HKD,HKD,16/5/2025,"1,665,612.20",-1,0
Sell,Personal,HSBC,Cash,Deposit USD,Deposit USD,USD,15/5/2025,"289,160.00",-1,0
Sell,Personal,HSBC,Cash,Cash - USD,Cash - USD,USD,16/5/2025,"149,994.72",-1,0
Buy,Personal,HSBC,Cash,Cash - HKD,Cash - HKD,HKD,16/5/2025,"1,171,847.25",1,0
Sell,Sinowell,HSBC,Cash,Deposit HKD,Deposit HKD,HKD,16/5/2025,"4,009,172.47",-1,0
Sell,Sinowell,HSBC,Cash,Deposit USD,Deposit USD,USD,15/5/2025,"148,209.06",-1,0
Buy,Personal,HSBC,Cash,Cash - HKD,Cash - HKD,HKD,16/5/2025,"2,693.06",1,0
Sell,Sinowell,HSBC,Cash,Deposit HKD,Deposit HKD,HKD,16/5/2025,"7,899.83",-1,0
Sell,Personal,HSBC,Cash,Cash - USD,Cash - USD,USD,16/5/2025,"153,667.07",-1,0
Buy,Personal,HSBC,Cash,Cash - HKD,Cash - HKD,HKD,16/5/2025,"1,200,000.00",1,0
Sell,Personal,HSBC,Cash,Deposit USD,Deposit USD,USD,16/5/2025,"150,048.00",-1,0
Buy,FGI,HSBC,Cash,Deposit USD,Deposit USD,USD,15/5/2025,"11,245.00",1,0
Buy,FGI,LGT,Cash,Cash - USD,Cash - USD,USD,15/5/2025,"1,703.78",1,0
Sell,Personal,HSBC,Cash,Cash - HKD,Cash - HKD,HKD,16/5/2025,"28,445.00",-1,0
Buy,Personal,HSBC,Equities,3606 HK Equity,FUYAO GLASS INDUSTRY GROUP-H,HKD,21/5/2025,54.51,"14,000",0
Buy,Sinowell,HSBC,Equities,3606 HK Equity,FUYAO GLASS INDUSTRY GROUP-H,HKD,21/5/2025,54.63,"14,000",0
Buy,FGI,LGT,Equities,3606 HK Equity,FUYAO GLASS INDUSTRY GROUP-H,HKD,21/5/2025,54.78,"14,000",0
Buy,FGI,LGT,Equities,6823 HK Equity,HKT TRUST AND HKT LTD-SS,HKD,21/5/2025,11.12,"25,000",0
Buy,FGI,LGT,Equities,883 HK Equity,CNOOC LTD-H,HKD,21/5/2025,17.9,"15,000",0
Buy,FGI,LGT,Equities,1398 HK Equity,IND & COMM BK OF CHINA-H,HKD,21/5/2025,5.62,"49,000",0
Buy,FGI,LGT,Equities,941 HK Equity,CHINA MOBILE LTD-H,HKD,21/5/2025,88.35,"3,000",0
Buy,FGI,LGT,Equities,2388 HK Equity,BOC HONG KONG HOLDINGS LTD,HKD,21/5/2025,33.5,"8,000",0
Buy,FGI,LGT,Equities,142 HK EQUITY,FIRST PACIFIC CO,HKD,21/5/2025,5.49,"50,000",0
Buy,FGI,LGT,Bonds,XS2057072477 Corp,CK HUTCHISON GROUP,GBP,22/5/2025,72.44,"200,000",0
Buy,Personal,HSBC,Bonds,XS2057072477 Corp,CK HUTCHISON GROUP,GBP,22/5/2025,72.8,"200,000",0
Buy,Sinowell,HSBC,Bonds,XS2057072477 Corp,CK HUTCHISON GROUP,GBP,22/5/2025,72.8,"200,000",0
Buy,Sinowell,HSBC,Cash,Cash - GBP,Cash - GBP,GBP,22/5/2025,0.1,0,0
Sell,FGI,LGT,Cash,Deposit USD,Deposit USD,USD,15/5/2025,"2,100,000.00",-1,0
Buy,FGI,LGT,Cash,Cash - USD,Cash - USD,USD,15/5/2025,"520,000.00",1,0
Buy,FGI,LGT,Cash,Cash - HKD,Cash - HKD,HKD,23/5/2025,"2,263,568.00",1,0
Buy,FGI,LGT,Cash,Cash - GBP,Cash - GBP,GBP,23/5/2025,"144,869.00",1,0
Sell,FGI,LGT,Cash,Cash - USD,Cash - USD,USD,23/5/2025,"489,771.00",-1,0
Sell,Personal,HSBC,Cash,Cash - GBP,Cash - GBP,GBP,23/5/2025,"3,193.00",-1,0
Buy,Personal,HSBC,Cash,Cash - HKD,Cash - HKD,HKD,23/5/2025,"763,098.31",1,0
Sell,Personal,HSBC,Cash,Deposit USD,Deposit USD,USD,23/5/2025,"101,462.26",-1,0
Sell,Sinowell,HSBC,Cash,Cash - GBP,Cash - GBP,GBP,23/5/2025,"3,193.00",-1,0
Sell,Sinowell,HSBC,Cash,Deposit HKD,Deposit HKD,HKD,23/5/2025,"787,948.34",-1,0
Sell,Sinowell,HSBC,Cash,Deposit USD,Deposit USD,USD,23/5/2025,845,-1,0
Buy,Sinowell,HSBC,Cash,Cash - HKD,Cash - HKD,HKD,23/5/2025,"764,766.45",1,0
Sell,Sinowell,HSBC,Equities,CMS,CMS,USD,27/5/2025,"2,000,000.00",-1,0
Sell,Personal,HSBC,PE,NOBLE Warrant,NOBLE Warrant,THB,27/5/2025,0,-1,0
Sell,FGI,LGT,PE,NOBLE Warrant,NOBLE Warrant,THB,27/5/2025,0,-1,0
Buy,Personal,HSBC,PE,NOBLE-W3 TB EQUITY,NOBLE DEVELOPMENT PCL-CW27,THB,27/5/2025,0,"130,465,338",0
Buy,FGI,LGT,PE,NOBLE-W3 TB EQUITY,NOBLE DEVELOPMENT PCL-CW27,THB,27/5/2025,0,"2,795,750",0
Sell,Personal,HSBC,PE,PROUD Warrant,PROUD Warrant,THB,27/5/2025,0,-1,0
Sell,FGI,LGT,PE,PROUD Warrant,PROUD Warrant,THB,27/5/2025,0,-1,0
Sell,Sinowell,HSBC,PE,PROUD Warrant,PROUD Warrant,THB,27/5/2025,0,-1,0
Buy,Personal,HSBC,PE,PROUD-W3 TB EQUITY,PROUD REAL ESTATE PCL-CW28,THB,27/5/2025,0,"2,046,778",0
Buy,FGI,LGT,PE,PROUD-W3 TB EQUITY,PROUD REAL ESTATE PCL-CW28,THB,27/5/2025,0,"12,280,660",0
Buy,Sinowell,HSBC,PE,PROUD-W3 TB EQUITY,PROUD REAL ESTATE PCL-CW28,THB,27/5/2025,0,"6,754,361",0
Buy,Sinowell,HSBC,Fixed deposits,Deposit USD,Deposit USD,USD,27/5/2025,"1,000,000.00",1,0
Buy,Personal,HSBC,Cash,Cash - GBP,Cash - GBP,GBP,27/5/2025,"149,010.89",1,0
Sell,Personal,HSBC,Cash,Deposit USD,Deposit USD,USD,27/5/2025,"201,976.00",-1,0
Buy,Sinowell,HSBC,Cash,Cash - GBP,Cash - GBP,GBP,27/5/2025,"148,792.99",1,0
Sell,Sinowell,HSBC,Cash,Deposit USD,Deposit USD,USD,27/5/2025,"201,962.00",-1,0
Buy,Personal,HSBC,Cash,Cash - USD,Cash - USD,USD,27/5/2025,"748,615.86",1,0
Buy,Personal,HSBC,Cash,Deposit USD,Deposit USD,USD,27/5/2025,"500,000.00",1,0
Buy,FGI,LGT,Cash,Cash - USD,Cash - USD,USD,27/5/2025,"16,044.28",1,0
Buy,Personal,HSBC,PE,NOBLE Div Received,NOBLE Div Received,USD,27/5/2025,"748,615.86",1,0
Buy,FGI,LGT,PE,NOBLE Div Received,NOBLE Div Received,USD,27/5/2025,"16,044.28",1,0
Sell,Personal,HSBC,PE,NOBLE Div Receivable,NOBLE Div Receivable,THB,27/5/2025,0.09,"-260,930,677",0
Sell,FGI,LGT,PE,NOBLE Div Receivable,NOBLE Div Receivable,THB,27/5/2025,0.09,"-5,591,500",0
Buy,Personal,HSBC,PE,NOBLE-W3 TB EQUITY,NOBLE DEVELOPMENT PCL-CW27,THB,28/5/2025,0.08,"14,240,600",0
Buy,Sinowell,HSBC,Equities,1088 HK Equity,CHINA SHENHUA ENERGY CO-H,HKD,29/5/2025,33.2,"30,000",0
Buy,FGI,LGT,Cash,Cash - HKD,Cash - HKD,HKD,29/5/2025,"15,426.00",1,0
Buy,Sinowell,HSBC,Cash,Cash - HKD,Cash - HKD,HKD,29/5/2025,"3,288.00",1,0
Buy,Personal,HSBC,PE,NOBLE-W3 TB EQUITY,NOBLE DEVELOPMENT PCL-CW27,THB,30/5/2025,0.08,"5,759,400",0
Sell,FGI,HSBC,Cash,Deposit USD,Deposit USD,USD,2/6/2025,"400,000.00",-1,0
Sell,FGI,LGT,PE,NOBLE Div Received,NOBLE Div Received,USD,2/6/2025,"16,044.28",-1,0
Sell,Personal,HSBC,PE,NOBLE Div Received,NOBLE Div Received,USD,2/6/2025,"748,615.86",-1,0
Buy,Personal,HSBC,Equities,168 HK Equity,TSINGTAO BREWERY CO LTD-H,HKD,2/6/2025,53.4,"22,000",0
Buy,Sinowell,HSBC,Equities,1211 HK Equity,BYD CO LTD-H,HKD,2/6/2025,380.8,"3,000",0
Buy,FGI,LGT,Equities,1088 HK Equity,CHINA SHENHUA ENERGY CO-H,HKD,2/6/2025,32.1,"24,000",0
Buy,FGI,LGT,Equities,168 HK Equity,TSINGTAO BREWERY CO LTD-H,HKD,2/6/2025,53.26,"14,000",0
Buy,FGI,HSBC,Cash,Cash - GBP,Cash - GBP,GBP,4/6/2025,"215,000.00",1,0
Sell,Sinowell,HSBC,Equities,1211 HK Equity,BYD CO LTD-H,HKD,5/6/2025,411,"-1,500",0
Buy,Sinowell,HSBC,Fixed deposits,Deposit USD,Deposit USD,USD,5/6/2025,"602,977.61",1,0
Sell,Sinowell,HSBC,Cash,Cash - HKD,Cash - HKD,HKD,5/6/2025,"102,185.81",-1,0
Buy,Sinowell,HSBC,Cash,Cash - USD,Cash - USD,USD,5/6/2025,"6,233.09",1,0
Buy,Sinowell,HSBC,Fixed deposits,Deposit USD,Deposit USD,USD,5/6/2025,"6,850.88",1,0
Sell,Sinowell,HSBC,Fixed deposits,Deposit HKD,Deposit HKD,HKD,5/6/2025,"1,551,979.79",-1,0
Sell,Personal,HSBC,Fixed deposits,Deposit USD,Deposit USD,USD,5/6/2025,"134,421.23",-1,0
Buy,Personal,HSBC,Cash,Cash - HKD,Cash - HKD,HKD,5/6/2025,"1,230,659.00",1,0
Buy,Personal,HSBC,Cash,Cash - THB,Cash - THB,THB,5/6/2025,"1,600,000.00",1,0
Buy,Personal,HSBC,Cash,Cash - HKD,Cash - HKD,HKD,5/6/2025,"1,194,654.73",1,0
Sell,Personal,HSBC,Cash,Cash - USD,Cash - USD,USD,5/6/2025,"49,587.97",-1,0
Buy,FGI,LGT,Cash,Cash - HKD,Cash - HKD,HKD,5/6/2025,"1,500,674.87",1,0
Sell,FGI,LGT,Cash,Cash - USD,Cash - USD,USD,5/6/2025,"192,062.00",-1,0
Buy,Sinowell,HSBC,Fixed deposits,Deposit HKD,Deposit HKD,HKD,5/6/2025,"16,928.42",1,0
Buy,Sinowell,HSBC,Cash,Cash - HKD,Cash - HKD,HKD,5/6/2025,"102,184.70",1,0
Buy,FGI,HSBC,Cash,Deposit USD,Deposit USD,USD,5/6/2025,"10,022.07",1,0
Sell,Sinowell,Yuanta,PE,PROUD-W3 TB EQUITY,PROUD REAL ESTATE PCL-CW28,THB,6/6/2025,0.17,"-640,777",0
Sell,Personal,Yuanta,PE,PROUD-W3 TB EQUITY,PROUD REAL ESTATE PCL-CW28,THB,6/6/2025,0.17,"-194,175",0
Sell,FGI,Yuanta,PE,PROUD-W3 TB EQUITY,PROUD REAL ESTATE PCL-CW28,THB,6/6/2025,0.17,"-1,165,049",0
Sell,Sinowell,Yuanta,PE,PROUD-W3 TB EQUITY,PROUD REAL ESTATE PCL-CW28,THB,6/6/2025,0.18,"-288,349",0
Sell,Personal,Yuanta,PE,PROUD-W3 TB EQUITY,PROUD REAL ESTATE PCL-CW28,THB,6/6/2025,0.18,"-87,379",0
Sell,FGI,Yuanta,PE,PROUD-W3 TB EQUITY,PROUD REAL ESTATE PCL-CW28,THB,6/6/2025,0.18,"-524,272",0
Sell,Sinowell,Yuanta,PE,PROUD-W3 TB EQUITY,PROUD REAL ESTATE PCL-CW28,THB,9/6/2025,0.19,"-64,270",0
Sell,Personal,Yuanta,PE,PROUD-W3 TB EQUITY,PROUD REAL ESTATE PCL-CW28,THB,9/6/2025,0.19,"-19,476",0
Sell,FGI,Yuanta,PE,PROUD-W3 TB EQUITY,PROUD REAL ESTATE PCL-CW28,THB,9/6/2025,0.19,"-116,854",0
Sell,Sinowell,Yuanta,PE,PROUD-W3 TB EQUITY,PROUD REAL ESTATE PCL-CW28,THB,9/6/2025,0.18,"-2,592,454",0
Sell,Personal,Yuanta,PE,PROUD-W3 TB EQUITY,PROUD REAL ESTATE PCL-CW28,THB,9/6/2025,0.18,"-785,593",0
Sell,FGI,Yuanta,PE,PROUD-W3 TB EQUITY,PROUD REAL ESTATE PCL-CW28,THB,9/6/2025,0.18,"-4,713,554",0
Sell,Sinowell,HSBC,Cash,Cash - Loan (HKD),Cash - Loan (HKD),HKD,10/6/2025,"15,700,760.00",-1,0
Buy,Sinowell,HSBC,Cash,Cash - USD,Cash - USD,USD,10/6/2025,"2,000,000.00",1,0
Buy,Sinowell,HSBC,Equities,1211 HK Equity,BYD CO LTD-H,HKD,10/6/2025, -   ,"3,000",0
Sell,Sinowell,Yuanta,PE,PROUD-W3 TB EQUITY,PROUD REAL ESTATE PCL-CW28,THB,10/6/2025,0.18,"-897,087",0
Sell,Personal,Yuanta,PE,PROUD-W3 TB EQUITY,PROUD REAL ESTATE PCL-CW28,THB,10/6/2025,0.18,"-271,845",0
Sell,FGI,Yuanta,PE,PROUD-W3 TB EQUITY,PROUD REAL ESTATE PCL-CW28,THB,10/6/2025,0.18,"-1,631,068",0
Sell,Sinowell,Yuanta,PE,PROUD-W3 TB EQUITY,PROUD REAL ESTATE PCL-CW28,THB,12/6/2025,0.17,"-332,627",0
Sell,Personal,Yuanta,PE,PROUD-W3 TB EQUITY,PROUD REAL ESTATE PCL-CW28,THB,12/6/2025,0.17,"-100,796",0
Sell,FGI,Yuanta,PE,PROUD-W3 TB EQUITY,PROUD REAL ESTATE PCL-CW28,THB,12/6/2025,0.17,"-604,777",0
Sell,Personal,HSBC,Cash,Cash - HKD,Cash - HKD,HKD,13/6/2025,"400,000.00",-1,0
Buy,Sinowell,HSBC,Fixed deposits,Deposit USD,Deposit USD,USD,13/6/2025,"1,999,964.74",1,0
Sell,Sinowell,HSBC,Cash,Cash - USD,Cash - USD,USD,13/6/2025,"1,998,183.00",-1,0
Buy,Sinowell,HSBC,Cash,Cash - HKD,Cash - HKD,HKD,13/6/2025,"644,590.00",1,0
Sell,Sinowell,HSBC,Fixed deposits,Deposit HKD,Deposit HKD,HKD,13/6/2025,"611,795.47",-1,0
Sell,Sinowell,Yuanta,PE,PROUD-W3 TB EQUITY,PROUD REAL ESTATE PCL-CW28,THB,16/6/2025,0.15,"-1,064,234",0
Sell,Personal,Yuanta,PE,PROUD-W3 TB EQUITY,PROUD REAL ESTATE PCL-CW28,THB,16/6/2025,0.15,"-322,495",0
Sell,FGI,Yuanta,PE,PROUD-W3 TB EQUITY,PROUD REAL ESTATE PCL-CW28,THB,16/6/2025,0.15,"-1,934,971",0
Sell,Sinowell,Yuanta,PE,PROUD-W3 TB EQUITY,PROUD REAL ESTATE PCL-CW28,THB,18/6/2025,0.15,"-192,233",0
Sell,Personal,Yuanta,PE,PROUD-W3 TB EQUITY,PROUD REAL ESTATE PCL-CW28,THB,18/6/2025,0.15,"-58,252",0
Sell,FGI,Yuanta,PE,PROUD-W3 TB EQUITY,PROUD REAL ESTATE PCL-CW28,THB,18/6/2025,0.15,"-349,515",0
Sell,Sinowell,Yuanta,PE,PROUD-W3 TB EQUITY,PROUD REAL ESTATE PCL-CW28,THB,19/6/2025,0.15,"-9,524",0
Sell,Personal,Yuanta,PE,PROUD-W3 TB EQUITY,PROUD REAL ESTATE PCL-CW28,THB,19/6/2025,0.15,"-31,430",0
Sell,FGI,Yuanta,PE,PROUD-W3 TB EQUITY,PROUD REAL ESTATE PCL-CW28,THB,19/6/2025,0.15,"-57,146",0
Buy,Sinowell,HSBC,Equities,939 HK Equity,CHINA CONSTRUCTION BANK-H,HKD,19/6/2025,7.53,"104,000",0
Buy,Sinowell,HSBC,Equities,1088 HK Equity,CHINA SHENHUA ENERGY CO-H,HKD,19/6/2025,33.55,"23,000",0
Buy,Sinowell,HSBC,Equities,168 HK Equity,TSINGTAO BREWERY CO LTD-H,HKD,19/6/2025,49.8,"14,000",0
Buy,Sinowell,HSBC,Equities,1 HK Equity,CK HUTCHISON HOLDINGS LTD,HKD,19/6/2025,47.75,"16,000",0
Sell,Personal,HSBC,Cash,Cash - HKD,Cash - HKD,HKD,20/6/2025,"738,704.66",-1,0
Sell,Personal,HSBC,Fixed deposits,Deposit USD,Deposit USD,USD,20/6/2025,"760,000.00",-1,0
Buy,Personal,HSBC,Cash,Cash - USD,Cash - USD,USD,20/6/2025,"4,801.00",1,0
Buy,Sinowell,HSBC,Cash,Cash - HKD,Cash - HKD,HKD,20/6/2025,"9,074,048.00",1,0
Sell,Sinowell,HSBC,Fixed deposits,Deposit HKD,Deposit HKD,HKD,20/6/2025,"9,020,395.53",-1,0
Buy,Sinowell,HSBC,Cash,Cash - USD,Cash - USD,USD,20/6/2025,"2,456.00",1,0
Buy,Sinowell,HSBC,Fixed deposits,Deposit USD,Deposit USD,USD,20/6/2025,"760,000.00",1,0
Buy,FGI,LGT,Cash,Cash - HKD,Cash - HKD,HKD,20/6/2025,"23,398.00",1,0
Buy,FGI,LGT,Cash,Cash - USD,Cash - USD,USD,20/6/2025,"7,292.00",1,0
Buy,FGI,LGT,Cash,Cash - GBP,Cash - GBP,GBP,23/6/2025,"300,000.00",1,0
Sell,Personal,HSBC,Equities,1 HK EQUITY,CK HUTCHISON HOLDINGS LTD,HKD,25/6/2025,49.05,"-20,000",0
Sell,Personal,HSBC,Equities,1398 HK EQUITY,IND & COMM BK OF CHINA-H,HKD,25/6/2025,6.45,"-198,000",0
Sell,Personal,HSBC,Equities,700 HK EQUITY,TENCENT HOLDINGS LTD,HKD,25/6/2025,512.5,"-4,412",0
Sell,Personal,HSBC,Equities,883 HK EQUITY,CNOOC LTD-H,HKD,25/6/2025,17.96,"-45,000",0
Sell,Personal,HSBC,Equities,941 HK EQUITY,CHINA MOBILE LTD-H,HKD,25/6/2025,87.4,"-41,000",0
Buy,Sinowell,HSBC,Equities,1 HK EQUITY,CK HUTCHISON HOLDINGS LTD,HKD,25/6/2025,49.05,"20,000",0
Buy,Sinowell,HSBC,Equities,1398 HK EQUITY,IND & COMM BK OF CHINA-H,HKD,25/6/2025,6.45,"198,000",0
Buy,Sinowell,HSBC,Equities,700 HK EQUITY,TENCENT HOLDINGS LTD,HKD,25/6/2025,512.5,"4,412",0
Buy,Sinowell,HSBC,Equities,883 HK EQUITY,CNOOC LTD-H,HKD,25/6/2025,17.96,"45,000",0
Buy,Sinowell,HSBC,Equities,941 HK EQUITY,CHINA MOBILE LTD-H,HKD,25/6/2025,87.4,"41,000",0
Sell,Personal,HSBC,Equities,2318 HK EQUITY,PING AN INSURANCE GROUP CO-H,HKD,25/6/2025,51.45,"-19,500",0
Sell,Personal,HSBC,Equities,857 HK EQUITY,PETROCHINA CO LTD-H,HKD,25/6/2025,6.69,"-310,000",0
Buy,Sinowell,HSBC,Equities,2318 HK EQUITY,PING AN INSURANCE GROUP CO-H,HKD,25/6/2025,51.45,"19,500",0
Buy,Sinowell,HSBC,Equities,857 HK EQUITY,PETROCHINA CO LTD-H,HKD,25/6/2025,6.69,"310,000",0
Sell,Personal,HSBC,Equities,2388 HK EQUITY,BOC HONG KONG HOLDINGS LTD,HKD,25/6/2025,36.75,"-24,000",0
Sell,Personal,HSBC,Equities,5 HK EQUITY,HSBC HOLDINGS PLC,HKD,25/6/2025,95.6,"-26,400",0
Sell,Personal,HSBC,Equities,728 HK EQUITY,CHINA TELECOM CORP LTD-H,HKD,25/6/2025,5.62,"-175,000",0
Sell,Personal,HSBC,Equities,9988 HK Equity,ALIBABA GROUP HOLDING LTD,HKD,25/6/2025,115.5,"-15,648",0
Sell,Personal,HSBC,Equities,823 HK Equity,LINK REIT,HKD,25/6/2025,43.65,"-23,000",0
Sell,Personal,HSBC,Equities,6823 HK Equity,HKT TRUST AND HKT LTD-SS,HKD,25/6/2025,11.54,"-136,000",0
Sell,Personal,HSBC,Equities,142 HK Equity,FIRST PACIFIC CO,HKD,25/6/2025,5.68,"-212,000",0
Sell,Personal,HSBC,Equities,1810 HK Equity,XIAOMI CORP-CLASS B,HKD,25/6/2025,56.65,"-16,000",0
Sell,Personal,HSBC,Equities,939 HK Equity,CHINA CONSTRUCTION BANK-H,HKD,25/6/2025,8.11,"-114,000",0
Sell,Personal,HSBC,Equities,3606 HK Equity,FUYAO GLASS INDUSTRY GROUP-H,HKD,25/6/2025,57.8,"-14,000",0
Sell,Personal,HSBC,Equities,168 HK Equity,TSINGTAO BREWERY CO LTD-H,HKD,25/6/2025,51.85,"-22,000",0
Buy,Sinowell,HSBC,Equities,2388 HK EQUITY,BOC HONG KONG HOLDINGS LTD,HKD,25/6/2025,36.75,"24,000",0
Buy,Sinowell,HSBC,Equities,5 HK EQUITY,HSBC HOLDINGS PLC,HKD,25/6/2025,95.6,"26,400",0
Buy,Sinowell,HSBC,Equities,728 HK EQUITY,CHINA TELECOM CORP LTD-H,HKD,25/6/2025,5.62,"175,000",0
Buy,Sinowell,HSBC,Equities,9988 HK Equity,ALIBABA GROUP HOLDING LTD,HKD,25/6/2025,115.5,"15,648",0
Buy,Sinowell,HSBC,Equities,823 HK Equity,LINK REIT,HKD,25/6/2025,43.65,"23,000",0
Buy,Sinowell,HSBC,Equities,6823 HK Equity,HKT TRUST AND HKT LTD-SS,HKD,25/6/2025,11.54,"136,000",0
Buy,Sinowell,HSBC,Equities,142 HK Equity,FIRST PACIFIC CO,HKD,25/6/2025,5.68,"212,000",0
Buy,Sinowell,HSBC,Equities,1810 HK Equity,XIAOMI CORP-CLASS B,HKD,25/6/2025,56.65,"16,000",0
Buy,Sinowell,HSBC,Equities,939 HK Equity,CHINA CONSTRUCTION BANK-H,HKD,25/6/2025,8.11,"114,000",0
Buy,Sinowell,HSBC,Equities,3606 HK Equity,FUYAO GLASS INDUSTRY GROUP-H,HKD,25/6/2025,57.8,"14,000",0
Buy,Sinowell,HSBC,Equities,168 HK Equity,TSINGTAO BREWERY CO LTD-H,HKD,25/6/2025,51.85,"22,000",0
Sell,Personal,HSBC,Bonds,CKINF 4.85 PERP Corp,PHOENIX LEAD LTD,USD,25/6/2025,79.54,"-300,000",0
Sell,Personal,HSBC,Bonds,US448579AT90 Corp,HYATT HOTELS CORP,USD,25/6/2025,100.48,"-80,000",0
Sell,Personal,HSBC,Bonds,US58013MEZ32 Corp,MCDONALD'S CORP,USD,25/6/2025,97.36,"-75,000",0
Sell,Personal,HSBC,Bonds,XS2057072477 Corp,CK HUTCHISON GROUP,GBP,25/6/2025,77.23,"-200,000",0
Buy,Sinowell,HSBC,Bonds,CKINF 4.85 PERP Corp,PHOENIX LEAD LTD,USD,25/6/2025,79.54,"300,000",0
Buy,Sinowell,HSBC,Bonds,US448579AT90 Corp,HYATT HOTELS CORP,USD,25/6/2025,100.48,"80,000",0
Buy,Sinowell,HSBC,Bonds,US58013MEZ32 Corp,MCDONALD'S CORP,USD,25/6/2025,97.36,"75,000",0
Buy,Sinowell,HSBC,Bonds,XS2057072477 Corp,CK HUTCHISON GROUP,GBP,25/6/2025,77.23,"200,000",0
Sell,Sinowell,HSBC,Equities,941 HK EQUITY,CHINA MOBILE LTD-H,HKD,25/6/2025,87.5,"-9,000",0
Buy,Sinowell,HSBC,Cash,Cash - USD,Cash - USD,USD,25/6/2025,"320,000.00",1,0
Sell,Sinowell,HSBC,Cash,Cash - HKD,Cash - HKD,HKD,27/6/2025,"6,852,541.91",-1,0
Sell,Sinowell,HSBC,Cash,Cash - USD,Cash - USD,USD,27/6/2025,"316,761.89",-1,0
Buy,Sinowell,HSBC,Cash,Deposit USD,Deposit USD,USD,27/6/2025,"1,173,443.10",1,0
Buy,Personal,HSBC,Cash,Cash - HKD,Cash - HKD,HKD,27/6/2025,"91,327.51",1,0
Buy,Personal,HSBC,Cash,Cash - USD,Cash - USD,USD,27/6/2025,"3,721.25",1,0
Buy,FGI,LGT,Cash,Cash - USD,Cash - USD,USD,27/6/2025,190.64,1,0
Buy,FGI,LGT,Cash,Cash - HKD,Cash - HKD,HKD,27/6/2025,"139,876.00",1,0
Sell,Sinowell,HSBC,Equities,5 HK EQUITY,HSBC HOLDINGS PLC,HKD,2/7/2025,95.2,"-11,600",0
Buy,FGI,LGT,Cash,Cash - GBP,Cash - GBP,GBP,2/7/2025,"300,000.00",1,0
Buy,FGI,LGT,Cash,Cash - USD,Cash - USD,USD,3/7/2025,"300,000.00",1,0
Sell,Sinowell,Yuanta,PE,PROUD-W3 TB EQUITY,PROUD REAL ESTATE PCL-CW28,THB,4/7/2025,0.1,"-672,806",0
Sell,Personal,Yuanta,PE,PROUD-W3 TB EQUITY,PROUD REAL ESTATE PCL-CW28,THB,4/7/2025,0.1,"-175,336",0
Sell,FGI,Yuanta,PE,PROUD-W3 TB EQUITY,PROUD REAL ESTATE PCL-CW28,THB,4/7/2025,0.1,"-1,183,455",0
Buy,Personal,HSBC,Cash,Cash - HKD,Cash - HKD,HKD,4/7/2025,"30,737.00",1,0
Sell,Personal,HSBC,Cash,Cash - USD,Cash - USD,USD,4/7/2025,"3,704.00",-1,0
Sell,Personal,HSBC,Fixed deposits,Deposit USD,Deposit USD,USD,4/7/2025,"3,490,483.00",-1,0
Buy,Personal,HSBC,Cash,Cash - Loan (CHF),Cash - Loan (CHF),CHF,4/7/2025,"2,192,378.47",1,0
Buy,Sinowell,HSBC,Cash,Cash - HKD,Cash - HKD,HKD,4/7/2025,"281,386.16",1,0
Buy,Sinowell,HSBC,Cash,Cash - USD,Cash - USD,USD,4/7/2025,"3,501,649.89",1,0
Sell,Sinowell,HSBC,Fixed deposits,Deposit USD,Deposit USD,USD,4/7/2025,"1,272,208.16",-1,0
Sell,Sinowell,HSBC,Cash,Cash - Loan (CHF),Cash - Loan (CHF),CHF,4/7/2025,"2,201,822.19",-1,0
Sell,Sinowell,HSBC,Cash,Cash - Loan (HKD),Cash - Loan (HKD),HKD,4/7/2025,"17,106.52",-1,0
Buy,FGI,LGT,Cash,Cash - HKD,Cash - HKD,HKD,4/7/2025,"21,333.00",1,0
Buy,FGI,LGT,Cash,Cash - USD,Cash - USD,USD,4/7/2025,"2,427.00",1,0
Buy,FGI,LGT,Fixed deposits,Deposit USD,Deposit USD,USD,4/7/2025,"1,293,412.00",1,0
Buy,Sinowell,HSBC,Fixed deposits,Deposit USD,Deposit USD,USD,7/7/2025,"3,498,218.59",1,0
Buy,Personal,HSBC,Cash,Cash - USD,Cash - USD,USD,10/7/2025,"14,265.84",1,0
Sell,FGI,LGT,Cash,Cash - HKD,Cash - HKD,HKD,14/7/2025,"184,607.00",-1,0
Sell,FGI,HSBC,Fixed deposits,Deposit USD,Deposit USD,USD,15/7/2025,"2,294,795.28",-1,0
Sell,FGI,LGT,Cash,Cash - USD,Cash - USD,USD,15/7/2025,"205,204.72",-1,0
Buy,Sinowell,HSBC,Cash,Cash - USD,Cash - USD,USD,15/7/2025,"1,503,378.00",1,0
Buy,FGI,HSBC,Cash,Cash - GBP,Cash - GBP,GBP,16/7/2025,"385,000.00",1,0
Sell,Sinowell,HSBC,Cash,Cash - USD,Cash - USD,USD,16/7/2025,"750,000.00",-1,0
Buy,Personal,HSBC,Cash,Cash - HKD,Cash - HKD,HKD,18/7/2025,"26,509.00",1,0
Buy,Personal,HSBC,Cash,Cash - USD,Cash - USD,USD,18/7/2025,146,1,0
Buy,Sinowell,HSBC,Cash,Cash - HKD,Cash - HKD,HKD,18/7/2025,"93,541.30",1,0
Sell,Sinowell,HSBC,Cash,Cash - USD,Cash - USD,USD,18/7/2025,"755,212.00",-1,0
Buy,Sinowell,HSBC,Fixed deposits,Deposit USD,Deposit USD,USD,18/7/2025,"753,377.00",1,0
Buy,FGI,LGT,Cash,Cash - HKD,Cash - HKD,HKD,18/7/2025,"37,167.00",1,0
Sell,FGI,LGT,Cash,Cash - USD,Cash - USD,USD,18/7/2025,"94,303.00",-1,0
Buy,FGI,HSBC,Fixed deposits,Deposit USD,Deposit USD,USD,18/7/2025,"94,743.00",1,0
Buy,FGI,LGT,Cash,Cash - GBP,Cash - GBP,GBP,18/7/2025,223,1,0
Sell,FGI,LGT,Equities,1398 HK EQUITY,IND & COMM BK OF CHINA-H,HKD,22/7/2025,6.06,"-16,000",0
Sell,FGI,LGT,Equities,388 HK EQUITY,HONG KONG EXCHANGES & CLEAR,HKD,22/7/2025,432.2,"-1,300",0
Sell,FGI,LGT,Equities,700 HK EQUITY,TENCENT HOLDINGS LTD,HKD,22/7/2025,525,"-1,100",0
Sell,FGI,LGT,Equities,883 HK EQUITY,CNOOC LTD-H,HKD,22/7/2025,18.78,"-16,000",0
Sell,FGI,LGT,Equities,941 HK EQUITY,CHINA MOBILE LTD-H,HKD,22/7/2025,86.64,"-18,000",0
Sell,FGI,LGT,Equities,5 HK EQUITY,HSBC HOLDINGS PLC,HKD,22/7/2025,99.75,"-6,800",0
Sell,FGI,LGT,Equities,728 HK EQUITY,CHINA TELECOM CORP LTD-H,HKD,22/7/2025,5.71,"-38,000",0
Sell,FGI,LGT,Equities,9988 HK Equity,ALIBABA GROUP HOLDING LTD,HKD,22/7/2025,117.2,"-2,900",0
Sell,FGI,LGT,Equities,6823 HK Equity,HKT TRUST AND HKT LTD-SS,HKD,22/7/2025,12.5,"-25,000",0
Sell,FGI,LGT,Equities,142 HK Equity,FIRST PACIFIC CO,HKD,22/7/2025,6.15,"-52,000",0
Sell,FGI,LGT,Equities,1810 HK Equity,XIAOMI CORP-CLASS B,HKD,22/7/2025,57.7,"-5,200",0
Sell,FGI,LGT,Equities,939 HK Equity,CHINA CONSTRUCTION BANK-H,HKD,22/7/2025,8.22,"-28,000",0
Sell,FGI,LGT,Equities,3606 HK Equity,FUYAO GLASS INDUSTRY GROUP-H,HKD,22/7/2025,59.21,"-4,400",0
Sell,FGI,LGT,Equities,168 HK Equity,TSINGTAO BREWERY CO LTD-H,HKD,22/7/2025,53.05,"-4,000",0
Sell,FGI,LGT,Equities,1088 HK EQUITY,CHINA SHENHUA ENERGY CO-H,HKD,22/7/2025,34.75,"-8,000",0
Sell,FGI,LGT,Equities,2388 HK EQUITY,BOC HONG KONG HOLDINGS LTD,HKD,22/7/2025,36,"-8,500",0
Sell,FGI,LGT,Equities,857 HK EQUITY,PETROCHINA CO LTD-H,HKD,22/7/2025,7.46,"-92,000",0
Sell,FGI,LGT,Cash,Cash - HKD,Cash - HKD,HKD,23/7/2025,"47,219.00",-1,0
Sell,FGI,LGT,Cash,Cash - USD,Cash - USD,USD,23/7/2025,"266,317.00",-1,0
Sell,FGI,LGT,Cash,Cash - GBP,Cash - GBP,GBP,23/7/2025,"300,000.00",-1,0
Sell,FGI,LGT,Cash,Cash - THB,Cash - THB,THB,23/7/2025,"2,033,630.71",-1,0
Sell,Personal,HSBC,Cash,Cash - THB,Cash - THB,THB,23/7/2025,"340,034.00",-1,0
Sell,Sinowell,HSBC,Cash,Cash - THB,Cash - THB,THB,23/7/2025,"1,117,401.27",-1,0
Sell,FGI,LGT,Cash,Cash - HKD,Cash - HKD,HKD,24/7/2025,"7,226,973.44",-1,0
Buy,FGI,HSBC,Cash,Cash - GBP,Cash - GBP,GBP,24/7/2025,"300,000.00",1,0
Buy,FGI,LGT,Cash,Cash - HKD,Cash - HKD,HKD,25/7/2025,"68,012.15",1,0
Buy,Personal,HSBC,Cash,Cash - HKD,Cash - HKD,HKD,25/7/2025,"91,290.00",1,0
Buy,Personal,HSBC,Cash,Cash - USD,Cash - USD,USD,25/7/2025,146,1,0
Sell,Sinowell,HSBC,Cash,Cash - HKD,Cash - HKD,HKD,25/7/2025,"2,165,612.44",-1,0
Buy,Sinowell,HSBC,Cash,Cash - USD,Cash - USD,USD,25/7/2025,"1,878,231.50",1,0
Sell,Sinowell,HSBC,Fixed deposits,Deposit USD,Deposit USD,USD,25/7/2025,"2,205,363.26",-1,0
Sell,Sinowell,HSBC,Cash,Cash - Loan (CHF),Cash - Loan (CHF),CHF,25/7/2025,"1,999.00",-1,0
Sell,Sinowell,HSBC,Cash,Cash - Loan (HKD),Cash - Loan (HKD),HKD,25/7/2025,"14,661.00",-1,0
Buy,Sinowell,HSBC,Fixed deposits,Deposit USD,Deposit USD,USD,28/7/2025,"1,893,573.00",1,0
Buy,Sinowell,HSBC,Cash,Cash - USD,Cash - USD,HKD,4/8/2025,"8,057.00",1,0
Sell,Sinowell,HSBC,Fixed deposits,Deposit USD,Deposit USD,USD,4/8/2025,"433,110.00",-1,0
Sell,Personal,HSBC,Cash,Cash - USD,Cash - USD,USD,8/8/2025,"218,402.00",-1,0
Sell,Personal,HSBC,Cash,Cash - HKD,Cash - HKD,HKD,8/8/2025,"361,550.00",-1,0
Sell,Personal,HSBC,Cash,Cash - CNY,Cash - CNY,CNY,8/8/2025,45.48,-1,0
Sell,Personal,HSBC,Cash,Cash - GBP,Cash - GBP,GBP,8/8/2025,218,-1,0
Buy,Sinowell,HSBC,Cash,Cash - GBP,Cash - GBP,GBP,8/8/2025,597,1,0
Sell,Sinowell,HSBC,Cash,Cash - USD,Cash - USD,USD,8/8/2025,"8,057.00",-1,0
Sell,Sinowell,HSBC,Cash,Cash - Loan (CHF),Cash - Loan (CHF),CHF,8/8/2025,"1,266.00",-1,0
Buy,Sinowell,HSBC,Cash,Cash - Loan (HKD),Cash - Loan (HKD),HKD,8/8/2025,"15,732,528.00",1,0
Sell,Sinowell,HSBC,Fixed deposits,Deposit USD,Deposit USD,USD,8/8/2025,"1,705,669.00",-1,0
Sell,FGI,HSBC,Cash,Cash - GBP,Cash - GBP,GBP,8/8/2025,"623,276.42",-1,0
Sell,FGI,HSBC,Cash,Cash - HKD,Cash - HKD,HKD,8/8/2025,274,-1,0
Buy,FGI,HSBC,Cash,Cash - USD,Cash - USD,USD,8/8/2025,2,1,0
Buy,FGI,LGT,Fixed deposits,Deposit USD,Deposit USD,USD,8/8/2025,"829,734.00",1,0
Buy,FGI,LGT,Equities,2269 HK EQUITY,WUXI BIOLOGICS CAYMAN INC,HKD,8/8/2025,29.86,"26,000",0
Buy,FGI,LGT,Equities,1 HK EQUITY,CK HUTCHISON HOLDINGS LTD,HKD,8/8/2025,51.2,"15,000",0
Sell,FGI,LGT,Equities,941 HK EQUITY,CHINA MOBILE LTD-H,HKD,8/8/2025,87.15,"-9,000",0
Sell,Sinowell,HSBC,Equities,941 HK EQUITY,CHINA MOBILE LTD-H,HKD,8/8/2025,87.15,"-9,000",0
Buy,Sinowell,HSBC,Equities,1 HK EQUITY,CK HUTCHISON HOLDINGS LTD,HKD,8/8/2025,51.05,"15,500",0
Buy,Sinowell,HSBC,Equities,2269 HK EQUITY,WUXI BIOLOGICS CAYMAN INC,HKD,8/8/2025,29.95,"39,500",0
Buy,Sinowell,HSBC,Cash,Cash - USD,Cash - USD,USD,13/8/2025,"6,145.00",1,0
Sell,Sinowell,HSBC,Cash,Cash - Loan (HKD),Cash - Loan (HKD),HKD,13/8/2025,"1,199,775.94",-1,0
Sell,FGI,LGT,Fixed deposits,Deposit USD,Deposit USD,USD,13/8/2025,"89,335.00",-1,0
Buy,FGI,LGT,Cash,Cash - HKD,Cash - HKD,HKD,13/8/2025,"692,381.05",1,0
Buy,Sinowell,HSBC,Equities,1038 HK EQUITY,CK INFRASTRUCTURE HOLDINGS L,HKD,19/8/2025,53.7,"14,500",0
Sell,Sinowell,HSBC,Equities,728 HK EQUITY,CHINA TELECOM CORP LTD-H,HKD,19/8/2025,6.4,"-8,000",0
Buy,Sinowell,HSBC,Equities,27 HK EQUITY,GALAXY ENTERTAINMENT GROUP L,HKD,19/8/2025,39.83,"19,000",0
Buy,Sinowell,HSBC,Equities,1 HK EQUITY,CK HUTCHISON HOLDINGS LTD,HKD,19/8/2025,51.54,"30,500",0
Buy,Sinowell,HSBC,Equities,939 HK EQUITY,CHINA CONSTRUCTION BANK-H,HKD,19/8/2025,7.7,"101,000",0
Buy,Sinowell,HSBC,Equities,388 HK EQUITY,HONG KONG EXCHANGES & CLEAR,HKD,19/8/2025,440.58,"1,700",0
Buy,Sinowell,HSBC,Equities,2633 HK EQUITY,JACOBSON PHARMA CORP LTD,HKD,19/8/2025,1.48,"272,000",0
Buy,Sinowell,HSBC,Equities,1177 HK EQUITY,SINO BIOPHARMACEUTICAL,HKD,19/8/2025,7.87,"98,000",0
Buy,Sinowell,HSBC,Equities,2228 HK EQUITY,XTALPI HOLDINGS LTD,HKD,19/8/2025,9.01,"43,000",0
Buy,Sinowell,HSBC,Equities,1299 HK EQUITY,AIA GROUP LTD,HKD,19/8/2025,74.86,"10,000",0
Sell,Sinowell,HSBC,Fixed deposits,Deposit USD,Deposit USD,USD,19/8/2025,"153,898.08",-1,0
Buy,Sinowell,HSBC,Cash,Cash - Loan (HKD),Cash - Loan (HKD),HKD,19/8/2025,"1,200,138.80",1,0
Buy,FGI,HSBC,Cash,Cash - GBP,Cash - GBP,GBP,19/8/2025,"40,000.00",1,0
Sell,Sinowell,HSBC,Equities,3606 HK EQUITY,FUYAO GLASS INDUSTRY GROUP-H,HKD,20/8/2025,67.91,"-14,000",0
Sell,Sinowell,HSBC,Equities,728 HK EQUITY,CHINA TELECOM CORP LTD-H,HKD,20/8/2025,6.22,"-82,000",0
Sell,FGI,LGT,Equities,3606 HK EQUITY,FUYAO GLASS INDUSTRY GROUP-H,HKD,20/8/2025,67.29,"-9,600",0
Buy,FGI,LGT,Equities,293 HK EQUITY,CATHAY PACIFIC AIRWAYS,HKD,22/8/2025,10.77,"73,000",0
Buy,Sinowell,HSBC,Equities,293 HK EQUITY,CATHAY PACIFIC AIRWAYS,HKD,22/8/2025,10.76,"72,000",0
Buy,Sinowell,HSBC,Cash,Cash - HKD,Cash - HKD,HKD,22/8/2025,"6,879,596.00",1,0
Sell,Sinowell,HSBC,Fixed deposits,Deposit USD,Deposit USD,USD,22/8/2025,"869,548.00",-1,0
Buy,FGI,LGT,Cash,Cash - HKD,Cash - HKD,HKD,22/8/2025,"148,020.00",1,0
Sell,FGI,LGT,Fixed deposits,Deposit USD,Deposit USD,USD,22/8/2025,"11,218.00",-1,0
Sell,Sinowell,HSBC,Cash,Cash - Loan (HKD),Cash - Loan (HKD),HKD,22/8/2025,363.34,-1,0
Buy,Sinowell,HSBC,Equities,1929 HK EQUITY,CHOW TAI FOOK JEWELLERY GROU,HKD,28/8/2025,14.47,"54,000",0
Buy,FGI,LGT,Equities,1398 HK EQUITY,IND & COMM BK OF CHINA-H,HKD,29/8/2025,5.84,"66,000",0
Buy,FGI,LGT,Equities,939 HK EQUITY,CHINA CONSTRUCTION BANK-H,HKD,29/8/2025,7.59,"51,000",0
Buy,FGI,LGT,Equities,1929 HK EQUITY,CHOW TAI FOOK JEWELLERY GROU,HKD,29/8/2025,14.56,"53,600",0
Buy,FGI,LGT,Equities,6823 HK EQUITY,HKT TRUST AND HKT LTD-SS,HKD,29/8/2025,11.93,"49,000",0
Buy,FGI,LGT,Equities,27 HK EQUITY,GALAXY ENTERTAINMENT GROUP L,HKD,29/8/2025,41.26,"9,000",0
Buy,Sinowell,HSBC,Cash,Cash - HKD,Cash - HKD,USD,29/8/2025,"55,533.00",1,0
Buy,Sinowell,HSBC,Cash,Cash - USD,Cash - USD,USD,29/8/2025,"12,127.00",1,0
Sell,Sinowell,HSBC,Equities,9988 HK EQUITY,ALIBABA GROUP HOLDING LTD,HKD,1/9/2025,136.4,"-11,400",0
Buy,Sinowell,HSBC,Equities,823 HK EQUITY,LINK REIT,HKD,1/9/2025,41.68,"18,700",0
Buy,Sinowell,HSBC,Equities,2228 HK EQUITY,XTALPI HOLDINGS LTD,HKD,1/9/2025,10.83,"35,000",0
Buy,Sinowell,HSBC,Equities,2822 HK EQUITY,CSOP FTSE CHINA A50 ETF-HKD,HKD,1/9/2025,14.79,"105,000",0
Buy,Sinowell,HSBC,Equities,2846 HK EQUITY,ISHARES CORE CSI 300 ETF-HKD,HKD,1/9/2025,33.44,"23,200",0
Buy,Sinowell,HSBC,Equities,388 HK EQUITY,HONG KONG EXCHANGES & CLEAR,HKD,1/9/2025,454.47,"1,700",0
Buy,Sinowell,HSBC,Equities,1828 HK EQUITY,FWD GROUP HOLDINGS LTD,HKD,1/9/2025,42.87,"13,700",0
Buy,Sinowell,HSBC,Equities,3069 HK EQUITY,CHINAAMC HS BIOTECH HKD INC,HKD,1/9/2025,17.48,"33,300",0
Buy,Sinowell,HSBC,Equities,3174 HK EQUITY,CSOP HANG SENG BIOTECH ETF,HKD,1/9/2025,4.13,"141,400",0
Sell,FGI,LGT,Fixed deposits,Deposit GBP,Deposit GBP,GBP,1/9/2025,"379,639.67",1,0
Sell,FGI,LGT,Cash,Cash - GBP,Cash - GBP,GBP,1/9/2025,"616,946.57",-1,0
Buy,FGI,LGT,Cash,Cash - HKD,Cash - HKD,HKD,1/9/2025,"2,501,190.96",1,0
Buy,FGI,LGT,Fixed deposits,Deposit GBP,Deposit GBP,GBP,2/9/2025,"237,306.90",1,0
Sell,FGI,LGT,Fixed deposits,Deposit USD,Deposit USD,USD,2/9/2025,"320,472.40",-1,0
Buy,Sinowell,HSBC,Cash,Cash - HKD,Cash - HKD,HKD,5/9/2025,"4,592,690.54",1,0
Sell,Sinowell,HSBC,Fixed deposits,Deposit USD,Deposit USD,USD,5/9/2025,"578,486.00",-1,0
Sell,FGI,LGT,Equities,9988 HK Equity,ALIBABA GROUP HOLDING LTD,HKD,5/9/2025,136.09,"-6,046",0
Buy,FGI,LGT,Equities,3069 HK EQUITY,CHINAAMC HS BIOTECH HKD INC,HKD,5/9/2025,17.53,"33,400",0
Buy,FGI,LGT,Equities,388 HK EQUITY,HONG KONG EXCHANGES & CLEAR,HKD,5/9/2025,455,"1,200",0
Buy,FGI,LGT,Equities,2846 HK EQUITY,ISHARES CORE CSI 300 ETF-HKD,HKD,5/9/2025,33.44,"23,300",0
Buy,FGI,LGT,Equities,2822 HK EQUITY,CSOP FTSE CHINA A50 ETF-HKD,HKD,5/9/2025,14.79,"52,600",0
Buy,FGI,LGT,Equities,823 HK EQUITY,LINK REIT,HKD,5/9/2025,41.74,"18,600",0
Buy,FGI,LGT,Cash,Cash - HKD,Cash - HKD,HKD,5/9/2025,"2,642,129.63",1,0
Sell,FGI,LGT,Fixed deposits,Deposit USD,Deposit USD,USD,5/9/2025,"340,975.00",-1,0
Buy,Sinowell,HSBC,Fixed deposits,Deposit USD,Deposit USD,USD,12/9/2025,"27,307.00",1,0
Buy,FGI,LGT,Cash,Cash - GBP,Cash - GBP,GBP,12/9/2025,"618,719.00",1,0
Sell,FGI,LGT,Fixed deposits,Deposit GBP,Deposit GBP,GBP,12/9/2025,"616,946.57",-1,0
Buy,FGI,LGT,Fixed deposits,Deposit USD,Deposit USD,USD,12/9/2025,"2,652.82",1,0
Buy,Sinowell,HSBC,Equities,1929 HK EQUITY,CHOW TAI FOOK JEWELLERY GROU,HKD,19/9/2025,15.32,"50,200",0
Buy,Sinowell,HSBC,Equities,11 HK EQUITY,HANG SENG BANK LTD,HKD,19/9/2025,118.41,"6,600",0
Buy,Sinowell,HSBC,Equities,16 HK EQUITY,SUN HUNG KAI PROPERTIES,HKD,19/9/2025,94.75,"8,000",0
Buy,Sinowell,HSBC,Equities,293 HK EQUITY,CATHAY PACIFIC AIRWAYS,HKD,19/9/2025,10.61,"74,000",0
Sell,Sinowell,HSBC,Equities,700 HK EQUITY,TENCENT HOLDINGS LTD,HKD,19/9/2025,642.5,"-1,800",0
Sell,Sinowell,HSBC,Equities,168 HK EQUITY,TSINGTAO BREWERY CO LTD-H,HKD,19/9/2025,51.83,"-36,000",0
Sell,Sinowell,HSBC,Equities,857 HK EQUITY,PETROCHINA CO LTD-H,HKD,19/9/2025,7.19,"-210,000",0
Sell,Sinowell,HSBC,Equities,2388 HK EQUITY,BOC HONG KONG HOLDINGS LTD,HKD,19/9/2025,37.38,"-20,500",0
Sell,Sinowell,HSBC,Equities,5 HK EQUITY,HSBC HOLDINGS PLC,HKD,19/9/2025,106.77,"-7,200",0
Sell,Sinowell,HSBC,Equities,941 HK EQUITY,CHINA MOBILE LTD-H,HKD,19/9/2025,86.05,"-9,000",0
Buy,Sinowell,HSBC,Cash,Cash - HKD,Cash - HKD,HKD,19/9/2025,"193,881.00",1,0
Buy,Sinowell,HSBC,Cash,Cash - USD,Cash - USD,USD,19/9/2025,608,1,0
Buy,FGI,LGT,Cash,Cash - USD,Cash - USD,USD,19/9/2025,431,1,0
Sell,FGI,LGT,Cash,Cash - GBP,Cash - GBP,GBP,19/9/2025,"618,701.00",-1,0
Buy,FGI,LGT,Fixed deposits,Deposit USD,Deposit USD,USD,19/9/2025,"844,419.58",1,0
Buy,FGI,LGT,Cash,Cash - HKD,Cash - HKD,HKD,19/9/2025,"91,532.00",1,0
Sell,Sinowell,HSBC,Bonds,XS2708721233 Corp,SUNAC CHINA HOLDINGS LTD,USD,26/9/2025,14.8,"-17,789",0
Sell,Sinowell,HSBC,Bonds,XS2708721589 Corp,SUNAC CHINA HOLDINGS LTD,USD,26/9/2025,14.8,"-17,789",0
Sell,Sinowell,HSBC,Bonds,XS2708723791 Corp,SUNAC CHINA HOLDINGS LTD,USD,26/9/2025,12.2,"-21,990",0
Sell,Sinowell,HSBC,Bonds,XS2708722983 Corp,SUNAC CHINA HOLDINGS LTD,USD,26/9/2025,14.8,"-25,073",0
Sell,Sinowell,HSBC,Bonds,XS2708721829 Corp,SUNAC CHINA HOLDINGS LTD,USD,26/9/2025,14.8,"-35,579",0
Sell,Sinowell,HSBC,Bonds,XS2708722397 Corp,SUNAC CHINA HOLDINGS LTD,USD,26/9/2025,14.8,"-53,369",0
Sell,Sinowell,HSBC,Bonds,XS2708722637 Corp,SUNAC CHINA HOLDINGS LTD,USD,26/9/2025,14.8,"-53,369",0
Sell,Sinowell,HSBC,Bonds,KWGPRO 7.4 03/05/24 Corp,KWG GROUP HOLDINGS,USD,26/9/2025,5.2,"-200,000",0
Sell,Sinowell,HSBC,Bonds,ZQ377309@CBBT Corp,ZHENRO PROPERTIES GROUP,USD,26/9/2025,0.06,"-200,000",0
Sell,Sinowell,HSBC,Fixed deposits,Deposit USD,Deposit USD,USD,26/9/2025,"432,989.84",-1,0
Buy,Sinowell,HSBC,Cash,Cash - HKD,Cash - HKD,HKD,26/9/2025,"3,368,070.50",1,0
Sell,Sinowell,HSBC,Cash,Cash - HKD,Cash - HKD,HKD,26/9/2025,"7,500,000.00",-1,0
Buy,Sinowell,HSBC,Cash,Cash - HKD,Cash - HKD,HKD,26/9/2025,"56,083.00",1,0
Buy,Sinowell,HSBC,Fixed deposits,Deposit USD,Deposit USD,USD,26/9/2025,"18,880.00",1,0
Sell,Sinowell,HSBC,Cash,Cash - USD,Cash - USD,USD,26/9/2025,"16,910.00",-1,0
Buy,FGI,LGT,Cash,Cash - HKD,Cash - HKD,HKD,26/9/2025,"27,923.00",1,0
Buy,Sinowell,HSBC,Cash,Cash - HKD,Cash - HKD,HKD,30/9/2025,"42,497.00",1,0
Buy,FGI,HSBC,Cash,Cash - HKD,Cash - HKD,HKD,30/9/2025,"27,150.00",1,0
Sell,Sinowell,HSBC,Equities,9988 HK EQUITY,ALIBABA GROUP HOLDING LTD,HKD,3/10/2025,183.6,"-4,200",0
Sell,Sinowell,HSBC,Equities,941 HK EQUITY,CHINA MOBILE LTD-H,HKD,3/10/2025,84.55,"-9,000",0
Sell,Sinowell,HSBC,Equities,5 HK EQUITY,HSBC HOLDINGS PLC,HKD,3/10/2025,109.8,"-6,800",0
Sell,Sinowell,HSBC,Equities,142 HK EQUITY,FIRST PACIFIC CO,HKD,3/10/2025,6.43,"-120,000",0
Buy,Sinowell,HSBC,Equities,7500 HK EQUITY,CSOP HANG SENG  INDEX  DAI-H,HKD,3/10/2025,1.69,"1,162,000",0
Sell,FGI,LGT,PE,NOBLE TB EQUITY,NOBLE DEVELOPMENT PCL,THB,8/10/2025,2.2,"-5,591,500",0
Sell,FGI,LGT,PE,NOBLE-W3 TB EQUITY,NOBLE DEVELOPMENT PCL-CW27,THB,8/10/2025,0.27,"-2,795,750",0
Buy,Sinowell,LGT,PE,NOBLE TB EQUITY,NOBLE DEVELOPMENT PCL,THB,8/10/2025,2.2,"5,591,500",0
Buy,Sinowell,LGT,PE,NOBLE-W3 TB EQUITY,NOBLE DEVELOPMENT PCL-CW27,THB,8/10/2025,0.27,"2,795,750",0
Sell,Sinowell,Yuanta,PE,PROUD TB EQUITY,PROUD REAL ESTATE PCL,THB,8/10/2025,1.02,"-12,800,150",0
Buy,FGI,Yuanta,PE,PROUD TB EQUITY,PROUD REAL ESTATE PCL,THB,8/10/2025,1.02,"12,800,150",0
Sell,Sinowell,HSBC,Equities,11 HK EQUITY,HANG SENG BANK LTD,HKD,9/10/2025,150,"-6,600",0
Buy,Sinowell,HSBC,Equities,5 HK EQUITY,HSBC HOLDINGS PLC,HKD,10/10/2025,103,"11,200",0
Buy,Sinowell,HSBC,Equities,6 HK EQUITY,POWER ASSETS HOLDINGS LTD,HKD,10/10/2025,48.96,"15,500",0
Buy,Sinowell,HSBC,Cash,Cash - HKD,Cash - HKD,HKD,10/10/2025,"93,806.00",1,0
Buy,Sinowell,HSBC,Fixed deposits,Deposit USD,Deposit USD,USD,10/10/2025,"65,929.67",1,0
Sell,Sinowell,HSBC,Cash,Cash - Loan (CHF),Cash - Loan (CHF),CHF,10/10/2025,"4,943.00",-1,0
Buy,FGI,LGT,Cash,Cash - HKD,Cash - HKD,HKD,10/10/2025,"13,586.00",1,0
Buy,FGI,LGT,Cash,Cash - USD,Cash - USD,USD,10/10/2025,"2,963.00",1,0
Sell,FGI,LGT,Fixed deposits,Deposit USD,Deposit USD,USD,10/10/2025,"1,391.00",-1,0
Sell,Personal,HSBC,Equities,CMS,CMS,USD,16/10/2025,"1,000,000.00",-1,0
Sell,Personal,HSBC,Cash,Cash - USD,Cash - USD,USD,17/10/2025,"500,000.00",-1,0
Buy,Sinowell,HSBC,Fixed deposits,Deposit USD,Deposit USD,USD,17/10/2025,"500,000.00",1,0
Sell,Sinowell,HSBC,Equities,7500 HK EQUITY,CSOP HANG SENG  INDEX  DAI-H,HKD,21/10/2025,1.8,"-1,162,000",0
Sell,Sinowell,HSBC,Cash,Cash - USD,Cash - USD,USD,24/10/2025,"39,138.00",-1,0
Buy,Sinowell,HSBC,Cash,Cash - HKD,Cash - HKD,HKD,24/10/2025,"176,695.00",1,0
Buy,Sinowell,HSBC,Cash,Cash - GBP,Cash - GBP,GBP,24/10/2025,"10,500.00",1,0
Buy,FGI,LGT,Cash,Cash - GBP,Cash - GBP,GBP,24/10/2025,"5,252.00",1,0
Buy,FGI,LGT,Cash,Cash - HKD,Cash - HKD,HKD,24/10/2025,"60,942.00",1,0
Buy,Sinowell,HSBC,Equities,VZ US EQUITY,VERIZON COMMUNICATIONS INC,USD,28/10/2025,38.8,"7,700",0
Buy,Sinowell,HSBC,Cash,Cash - HKD,Cash - HKD,HKD,31/10/2025,1,"49,515",0
Buy,Sinowell,HSBC,Cash,Cash - USD,Cash - USD,USD,31/10/2025,1,"298,954",0
Sell,Sinowell,HSBC,Fixed deposits,Deposit USD,Deposit USD,USD,31/10/2025,1,"-299,955",0
Sell,Sinowell,HSBC,Cash,Cash - USD,Cash - USD,USD,7/11/2025,"6,212.00",-1,0
Buy,Sinowell,HSBC,Fixed deposits,Deposit USD,Deposit USD,USD,7/11/2025,1,"26,424",0
Sell,Sinowell,HSBC,Cash,Cash - Loan (CHF),Cash - Loan (CHF),CHF,7/11/2025,1,"-2,893",0
Buy,FGI,LGT,Cash,Cash - GBP,Cash - GBP,GBP,7/11/2025,"1,647.00",1,0
Buy,FGI,LGT,Cash,Cash - HKD,Cash - HKD,HKD,7/11/2025,"6,300.00",1,0
Buy,FGI,LGT,Fixed deposits,Deposit USD,Deposit USD,USD,7/11/2025,1,"3,396",0
Buy,Sinowell,HSBC,Equities,3690 HK EQUITY,MEITUAN-CLASS B,HKD,10/11/2025,102.7,"3,700",0
Buy,Sinowell,HSBC,Equities,836 HK EQUITY,CHINA RESOURCES POWER HOLDIN,HKD,10/11/2025,19.19,"100,000",0
Buy,Sinowell,HSBC,Equities,1828 HK EQUITY,FWD GROUP HOLDINGS LTD,HKD,17/11/2025,39.14,"15,000",0
Buy,Sinowell,HSBC,Equities,941 HK EQUITY,CHINA MOBILE LTD-H,HKD,17/11/2025,86.9,"6,500",0
Buy,Sinowell,HSBC,Equities,700 HK EQUITY,TENCENT HOLDINGS LTD,HKD,17/11/2025,638.5,900,0
Buy,Sinowell,HSBC,Equities,883 HK EQUITY,CNOOC LTD-H,HKD,17/11/2025,22.6,"26,000",0
Buy,Sinowell,HSBC,Equities,1211 HK EQUITY,BYD CO LTD-H,HKD,18/11/2025,97.85,"4,000",0
Buy,Sinowell,HSBC,Equities,1088 HK EQUITY,CHINA SHENHUA ENERGY CO-H,HKD,18/11/2025,40.8,"19,000",0
Buy,FGI,LGT,Equities,VNA GY EQUITY,VONOVIA SE,EUR,18/11/2025,25.92,"4,960",0
Buy,FGI,LGT,Equities,LEG GY EQUITY,LEG IMMOBILIEN SE,EUR,18/11/2025,63.75,"2,010",0
Buy,FGI,LGT,Cash,Cash - EUR,Cash - EUR,EUR,18/11/2025,1,"129,090",0
Buy,Sinowell,HSBC,Cash,Cash - HKD,Cash - HKD,HKD,21/11/2025,"3,203,050.00",1,0
Sell,Sinowell,HSBC,Fixed deposits,Deposit USD,Deposit USD,USD,21/11/2025,"409,542.00",-1,0
Buy,FGI,LGT,Cash,Cash - EUR,Cash - EUR,EUR,21/11/2025,"127,628.00",1,0
Buy,FGI,LGT,Cash,Cash - USD,Cash - USD,USD,21/11/2025,"13,114.00",1,0
Buy,FGI,LGT,Cash,Cash - CNY,Cash - CNY,CNY,21/11/2025,"10,291.00",1,0
Sell,FGI,LGT,Fixed deposits,Deposit USD,Deposit USD,USD,21/11/2025,"163,073.00",-1,0
Sell,FGI,LGT,Equities,6823 HK EQUITY,HKT TRUST AND HKT LTD-SS,HKD,25/11/2025,11.77,"-100,000",0
Sell,FGI,LGT,Equities,1088 HK EQUITY,CHINA SHENHUA ENERGY CO-H,HKD,25/11/2025,39.86,"-16,000",0
Sell,FGI,LGT,Equities,293 HK EQUITY,CATHAY PACIFIC AIRWAYS,HKD,25/11/2025,11.59,"-73,000",0
Sell,FGI,LGT,Equities,168 HK EQUITY,TSINGTAO BREWERY CO LTD-H,HKD,25/11/2025,54,"-10,000",0
Sell,FGI,LGT,Equities,939 HK EQUITY,CHINA CONSTRUCTION BANK-H,HKD,25/11/2025,8.16,"-108,000",0
Buy,FGI,LGT,Equities,83 HK EQUITY,SINO LAND CO,HKD,25/11/2025,10.41,"74,000",0
Buy,FGI,LGT,Equities,4 HK EQUITY,WHARF HOLDINGS LTD,HKD,25/11/2025,23.88,"32,000",0
Buy,FGI,LGT,Equities,16 HK EQUITY,SUN HUNG KAI PROPERTIES,HKD,25/11/2025,98.5,"7,500",0
Buy,FGI,LGT,Equities,173 HK EQUITY,K WAH INTL HOLDINGS,HKD,25/11/2025,2.15,"361,000",0
Buy,FGI,LGT,Cash,Cash - SGD,Cash - SGD,SGD,27/11/2025,"390,576.79",1,0
Sell,FGI,LGT,Cash,Cash - HKD,Cash - HKD,HKD,27/11/2025,"2,344,320.01",-1,0
Buy,FGI,LGT,Equities,83 HK EQUITY,SINO LAND CO,HKD,27/11/2025,10.59,"72,000",0
Buy,FGI,LGT,Equities,1113 HK EQUITY,CK ASSET HOLDINGS LTD,HKD,27/11/2025,40.34,"48,000",0
Buy,FGI,LGT,Equities,16 HK EQUITY,SUN HUNG KAI PROPERTIES,HKD,27/11/2025,99.79,"7,500",0
Sell,FGI,LGT,Equities,941 HK EQUITY,CHINA MOBILE LTD-H,HKD,27/11/2025,86.9,"-28,000",0
Sell,FGI,LGT,Equities,2388 HK EQUITY,BOC HONG KONG HOLDINGS LTD,HKD,27/11/2025,37.68,"-17,500",0
Sell,FGI,LGT,Equities,2269 HK EQUITY,WUXI BIOLOGICS CAYMAN INC,HKD,27/11/2025,31.04,"-26,000",0
Sell,FGI,LGT,Equities,388 HK EQUITY,HONG KONG EXCHANGES & CLEAR,HKD,27/11/2025,413.98,"-3,872",0
Sell,FGI,LGT,Equities,1810 HK EQUITY,XIAOMI CORP-CLASS B,HKD,27/11/2025,41.5,"-10,800",0
Sell,FGI,LGT,Equities,857 HK EQUITY,PETROCHINA CO LTD-H,HKD,27/11/2025,8.77,"-184,000",0
Sell,FGI,LGT,Equities,883 HK EQUITY,CNOOC LTD-H,HKD,27/11/2025,21.34,"-32,000",0
Buy,FGI,LGT,Equities,FLT SP EQUITY,FRASERS LOGISTICS & COMMERCI,SGD,27/11/2025,0.98,"133,000",0
Buy,FGI,LGT,Equities,CLAR SP EQUITY,CAPITALAND ASCENDAS REIT,SGD,27/11/2025,2.82,"45,800",0
Buy,FGI,LGT,Equities,MPACT SP EQUITY,MAPLETREE PAN ASIA COM TRUST,SGD,27/11/2025,1.46,"88,800",0
Sell,FGI,LGT,Cash,Cash - USD,Cash - USD,USD,27/11/2025,"700,000.00",-1,0
Buy,Sinowell,HSBC,Cash,Cash - HKD,Cash - HKD,HKD,28/11/2025,"7,925.00",1,0
Sell,FGI,LGT,Cash,Cash - GBP,Cash - GBP,GBP,28/11/2025,"-1,667.00",1,0
Sell,FGI,LGT,Cash,Cash - HKD,Cash - HKD,HKD,28/11/2025,"-53,002.00",1,0
Sell,FGI,LGT,Cash,Cash - SGD,Cash - SGD,SGD,28/11/2025,"-2,097.79",1,0
Buy,FGI,LGT,Cash,Cash - USD,Cash - USD,USD,1/12/2025,"800,018.00",1,0
Sell,FGI,LGT,Fixed deposits,Deposit USD,Deposit USD,USD,1/12/2025,"699,997.00",-1,0
Buy,Sinowell,HSBC,Equities,83 HK EQUITY,SINO LAND CO,HKD,2/12/2025,10.49,"74,000",0
Buy,Sinowell,HSBC,Equities,1113 HK EQUITY,CK ASSET HOLDINGS LTD,HKD,2/12/2025,40.95,"20,000",0
Buy,Sinowell,HSBC,Equities,12 HK EQUITY,HENDERSON LAND DEVELOPMENT,HKD,2/12/2025,29.95,"26,000",0
Buy,Sinowell,HSBC,Equities,1 HK EQUITY,CK HUTCHISON HOLDINGS LTD,HKD,3/12/2025,56.99,"41,500",0
Buy,FGI,LGT,Equities,12 HK EQUITY,HENDERSON LAND DEVELOPMENT,HKD,3/12/2025,29.37,"26,000",0
Buy,Sinowell,HSBC,Equities,17 HK EQUITY,NEW WORLD DEVELOPMENT,HKD,5/12/2025,6.82,"57,000",0
Buy,Sinowell,HSBC,Equities,293 HK EQUITY,CATHAY PACIFIC AIRWAYS,HKD,5/12/2025,12.18,"64,000",0
Buy,Sinowell,HSBC,Cash,Cash - HKD,Cash - HKD,HKD,5/12/2025,"2,344,679.00",1,0
Sell,Sinowell,HSBC,Fixed deposits,Deposit USD,Deposit USD,USD,5/12/2025,"286,580.00",-1,0
Sell,FGI,LGT,Cash,Cash - USD,Cash - USD,USD,5/12/2025,"116,510.00",-1,0
Buy,FGI,LGT,Fixed deposits,Deposit USD,Deposit USD,USD,5/12/2025,"490,311.00",1,0
Sell,FGI,LGT,Cash,Cash - HKD,Cash - HKD,HKD,5/12/2025,"2,894,231.00",-1,0
Buy,FGI,HSBC,Fixed deposits,Liquidity Fund USD,Liquidity Fund USD,USD,10/12/2025,"150,700.00",1,0
Sell,FGI,LGT,Fixed deposits,Deposit USD,Deposit USD,USD,10/12/2025,"150,700.00",-1,0
Sell,Sinowell,HSBC,Fixed deposits,Deposit USD,Deposit USD,USD,11/12/2025,"456,753.00",-1,0
Buy,Sinowell,HSBC,Cash,Cash - HKD,Cash - HKD,HKD,11/12/2025,"3,554,362.37",1,0
Buy,Sinowell,HSBC,Cash,Cash - USD,Cash - USD,USD,12/12/2025,"4,920.00",1,0
Buy,Sinowell,HSBC,Fixed deposits,Deposit USD,Deposit USD,USD,12/12/2025,"1,133.00",1,0
Sell,Sinowell,HSBC,Cash,Cash - Loan (CHF),Cash - Loan (CHF),CHF,12/12/2025,"2,708.00",-1,0
Buy,Sinowell,HSBC,Equities,GOOG US EQUITY,ALPHABET INC-CL C,USD,17/12/2025,305.85,323,0
Buy,Sinowell,HSBC,Cash,Cash - USD,Cash - USD,USD,19/12/2025,"101,695.00",1,0
Sell,Sinowell,HSBC,Fixed deposits,Deposit USD,Deposit USD,USD,19/12/2025,"349,185.00",-1,0
Buy,Sinowell,HSBC,Cash,Cash - HKD,Cash - HKD,HKD,19/12/2025,"37,876.00",1,0
Buy,FGI,LGT,Cash,Cash - USD,Cash - USD,USD,19/12/2025,"6,431.00",1,0
Buy,FGI,LGT,Cash,Cash - HKD,Cash - HKD,HKD,19/12/2025,"11,199.00",1,0
Buy,Sinowell,HSBC,Cash,Cash - CNY,Cash - CNY,CNY,31/12/2025,"45,693.00",1,0
Buy,Sinowell,HSBC,Cash,Cash - HKD,Cash - HKD,HKD,31/12/2025,"72,973.00",1,0
Sell,Sinowell,HSBC,Cash,Cash - Loan (CHF),Cash - Loan (CHF),CHF,31/12/2025,"2,349.00",-1,0
Buy,FGI,LGT,Cash,Cash - CNY,Cash - CNY,CNY,31/12/2025,"18,411.00",1,0
Buy,FGI,LGT,Cash,Cash - HKD,Cash - HKD,HKD,31/12/2025,"27,257.00",1,0
Buy,FGI,LGT,Fixed deposits,Deposit USD,Deposit USD,USD,31/12/2025,765,1,0
Sell,Sinowell,HSBC,Fixed deposits,Deposit USD,Deposit USD,USD,6/1/2026,"250,000.00",-1,0
Buy,Sinowell,HSBC,Fixed deposits,Deposit USD,Deposit USD,USD,16/1/2026,"15,177.00",1,0
Buy,Sinowell,HSBC,Cash,Cash - HKD,Cash - HKD,HKD,16/1/2026,"81,826.00",1,0
Buy,Sinowell,HSBC,Cash,Cash - USD,Cash - USD,USD,16/1/2026,"14,616.00",1,0
Sell,Sinowell,HSBC,Cash,Cash - Loan (CHF),Cash - Loan (CHF),CHF,16/1/2026,"1,000.00",-1,0
Sell,Sinowell,HSBC,Equities,17 HK EQUITY,NEW WORLD DEVELOPMENT,HKD,16/1/2026,9.12,"-57,000",0
Buy,Sinowell,HSBC,PE,NOBLE TB EQUITY,NOBLE DEVELOPMENT PCL,THB,21/1/2026,2.32,"189,527,791",0
Sell,Sinowell,HSBC,Fixed deposits,Deposit USD,Deposit USD,USD,22/1/2026,"1,379,589.88",-1,0
Buy,Sinowell,HSBC,Fixed deposits,Deposit USD,Deposit USD,USD,23/1/2026,"15,734.00",1,0
Buy,Sinowell,HSBC,Equities,700 HK EQUITY,TENCENT HOLDINGS LTD,HKD,28/1/2026,617.5,"3,800",0
Buy,Sinowell,HSBC,Equities,288 HK EQUITY,WH GROUP LTD,HKD,28/1/2026,9.14,"213,000",0
Sell,Sinowell,HSBC,Cash,Cash - HKD,Cash - HKD,HKD,29/1/2026,"2,000,000.00",-1,0
Buy,Sinowell,HSBC,Cash,Cash - HKD,Cash - HKD,HKD,29/1/2026,"1,271,935.90",1,0
Sell,Sinowell,HSBC,Fixed deposits,Deposit USD,Deposit USD,USD,29/1/2026,"711,665.00",-1,0
Buy,FGI,LGT,Cash,Cash - HKD,Cash - HKD,HKD,29/1/2026,"42,539.00",1,0
Sell,FGI,LGT,Fixed deposits,Deposit USD,Deposit USD,USD,30/1/2026,"100,084.48",-1,0
Buy,FGI,LGT,Cash,Cash - JPY,Cash - JPY,JPY,30/1/2026,"15,402,000.00",1,0
Buy,FGI,LGT,Equities,3288 JT EQUITY,OPEN HOUSE GROUP CO LTD,JPY,30/1/2026,"9,060.00","1,700",0
Buy,Sinowell,HSBC,Equities,941 HK EQUITY,CHINA MOBILE LTD-H,HKD,2/2/2026,76.1,"20,500",0
Buy,Sinowell,HSBC,Equities,700 HK EQUITY,TENCENT HOLDINGS LTD,HKD,2/2/2026,601,"1,300",0
Buy,Sinowell,HSBC,Equities,GOOGL US EQUITY,ALPHABET INC-CL A,USD,6/2/2026,312.38,300,0
Sell,Sinowell,HSBC,Equities,VZ US EQUITY,VERIZON COMMUNICATIONS INC,USD,6/2/2026,47.21,"-7,700",0
Buy,FGI,LGT,Cash,Cash - HKD,Cash - HKD,HKD,6/2/2026,"1,196.00",1,0
Buy,FGI,LGT,Cash,Cash - USD,Cash - USD,USD,6/2/2026,"16,340.00",1,0
Buy,FGI,LGT,Fixed deposits,Deposit HKD,Deposit HKD,HKD,6/2/2026,"2,891,864.87",1,0
Sell,FGI,LGT,Fixed deposits,Deposit USD,Deposit USD,USD,6/2/2026,"388,776.00",-1,0
Buy,FGI,HSBC,Fixed deposits,Liquidity Fund USD,Liquidity Fund USD,USD,6/2/2026,966,1,0
Buy,Sinowell,HSBC,Cash,Cash - HKD,Cash - HKD,HKD,6/2/2026,"6,651,050.70",1,0
Sell,Sinowell,HSBC,Cash,Cash - USD,Cash - USD,USD,6/2/2026,"18,768.00",-1,0
Sell,Sinowell,HSBC,Fixed deposits,Deposit USD,Deposit USD,USD,6/2/2026,"820,980.41",-1,0
Sell,Sinowell,HSBC,Cash,Cash - Loan (CHF),Cash - Loan (CHF),CHF,6/2/2026,"2,436.00",-1,0
Sell,FGI,LGT,Equities,27 HK EQUITY,GALAXY ENTERTAINMENT GROUP L,HKD,9/2/2026,43.55,"-9,000",0
Sell,FGI,LGT,Equities,2822 HK EQUITY,CSOP FTSE CHINA A50 ETF-HKD,HKD,9/2/2026,15.03,"-52,600",0
Sell,FGI,LGT,Equities,1398 HK EQUITY,IND & COMM BK OF CHINA-H,HKD,9/2/2026,6.52,"-99,000",0
Sell,FGI,LGT,Equities,5 HK EQUITY,HSBC HOLDINGS PLC,HKD,9/2/2026,138.68,"-14,400",0
Sell,FGI,LGT,Equities,3069 HK EQUITY,CHINAAMC HS BIOTECH HKD INC,HKD,9/2/2026,15.6,"-33,400",0
Sell,FGI,LGT,Equities,728 HK EQUITY,CHINA TELECOM CORP LTD-H,HKD,9/2/2026,4.96,"-76,000",0
Sell,FGI,LGT,Equities,142 HK EQUITY,FIRST PACIFIC CO,HKD,9/2/2026,6.4,"-104,000",0
Sell,FGI,LGT,Equities,1929 HK EQUITY,CHOW TAI FOOK JEWELLERY GROU,HKD,9/2/2026,14.29,"-53,600",0
Buy,FGI,LGT,PE,WJG LN EQUITY,WATKIN JONES PLC,GBP,11/2/2026,0.29,"344,827",0
Sell,Sinowell,HSBC,Cash,Cash - USD,Cash - USD,USD,11/2/2026,"22,750.00",-1,0
Buy,Sinowell,HSBC,PE,WJG LN EQUITY,WATKIN JONES PLC,GBP,12/2/2026,0.29,"344,000",0
Sell,FGI,LGT,Cash,Cash - HKD,Cash - HKD,HKD,13/2/2026,"6,238,155.00",-1,0
Buy,FGI,LGT,Cash,Cash - GBP,Cash - GBP,GBP,13/2/2026,"100,000.00",1,0
Buy,FGI,LGT,Fixed deposits,Deposit HKD,Deposit HKD,HKD,13/2/2026,"5,200,000.00",1,0
Sell,Sinowell,HSBC,Cash,Cash - USD,Cash - USD,USD,13/2/2026,"109,804.00",-1,0
Buy,Sinowell,HSBC,Cash,Cash - GBP,Cash - GBP,GBP,13/2/2026,"999,604.00",1,0
Sell,Sinowell,HSBC,Fixed deposits,Deposit USD,Deposit USD,USD,13/2/2026,"1,257,525.00",-1,0
Buy,Sinowell,HSBC,Cash,Cash - HKD,Cash - HKD,HKD,13/2/2026,"3,500.00",1,0
Buy,Sinowell,HSBC,PE,WJG LN EQUITY,WATKIN JONES PLC,GBP,13/2/2026,0.29,"171,200",0
Buy,FGI,LGT,PE,WJG LN EQUITY,WATKIN JONES PLC,GBP,13/2/2026,0.29,"170,068",0
Buy,Sinowell,HSBC,PE,WJG LN EQUITY,WATKIN JONES PLC,GBP,16/2/2026,0.3,"2,978",0
Buy,Sinowell,HSBC,PE,WJG LN EQUITY,WATKIN JONES PLC,GBP,16/2/2026,0.3,"54,739",0
Sell,FGI,LGT,Fixed deposits,Deposit HKD,Deposit HKD,HKD,16/2/2026,"3,128,000.00",-1,0
Sell,FGI,LGT,Fixed deposits,Liquidity Fund USD,Liquidity Fund USD,USD,16/2/2026,"151,643.00",-1,0
Buy,Sinowell,HSBC,PE,WJG LN EQUITY,WATKIN JONES PLC,GBP,20/2/2026,0.3,"18,888",0
Buy,FGI,LGT,PE,WJG LN EQUITY,WATKIN JONES PLC,GBP,20/2/2026,0.3,"20,000",0
Sell,FGI,LGT,Equities,3288 JT EQUITY,OPEN HOUSE GROUP CO LTD,JPY,20/2/2026,"11,707.56","-1,700",0
Sell,Sinowell,HSBC,PE,WJG LN EQUITY,WATKIN JONES PLC,GBP,20/2/2026,0.3,"-2,978",0
Sell,Sinowell,HSBC,PE,WJG LN EQUITY,WATKIN JONES PLC,GBP,20/2/2026,0.3,"-54,739",0
Buy,FGI,LGT,PE,WJG LN EQUITY,WATKIN JONES PLC,GBP,20/2/2026,0.3,"2,978",0
Buy,FGI,LGT,PE,WJG LN EQUITY,WATKIN JONES PLC,GBP,20/2/2026,0.3,"54,739",0
Buy,Sinowell,HSBC,Equities,288 HK EQUITY,WH GROUP LTD,HKD,23/2/2026,9.8,"79,500",0
Sell,Sinowell,HSBC,Equities,1211 HK EQUITY,BYD CO LTD-H,HKD,23/2/2026,99.95,"-8,500",0
Sell,Sinowell,HSBC,Equities,3690 HK EQUITY,MEITUAN-CLASS B,HKD,23/2/2026,86.55,"-3,700",0
Sell,Sinowell,HSBC,Equities,2846 HK EQUITY,ISHARES CORE CSI 300 ETF-HKD,HKD,23/2/2026,36.15,"-23,200",0
Sell,Sinowell,HSBC,Equities,3069 HK EQUITY,CHINAAMC HS BIOTECH HKD INC,HKD,23/2/2026,16.45,"-33,300",0
Sell,Sinowell,HSBC,Equities,CMS,CMS,USD,23/2/2026,"5,681,722.00",-1,0
Buy,Sinowell,HSBC,PE,WJG LN EQUITY,WATKIN JONES PLC,GBP,23/2/2026,0.31,"150,000",0
Buy,FGI,LGT,PE,WJG LN EQUITY,WATKIN JONES PLC,GBP,23/2/2026,0.31,"100,000",0
Buy,FGI,LGT,PE,WJG LN EQUITY,WATKIN JONES PLC,GBP,23/2/2026,0.31,"50,000",0
Buy,FGI,LGT,Equities,1109 HK EQUITY,CHINA RESOURCES LAND LTD,HKD,23/2/2026,31.84,"24,500",0
Buy,FGI,LGT,Equities,688 HK EQUITY,CHINA OVERSEAS LAND & INVEST,HKD,23/2/2026,14.28,"54,500",0
Buy,FGI,LGT,Equities,960 HK EQUITY,LONGFOR GROUP HOLDINGS LTD,HKD,23/2/2026,10.06,"77,500",0
Sell,FGI,LGT,Equities,2846 HK EQUITY,ISHARES CORE CSI 300 ETF-HKD,HKD,23/2/2026,35.87,"-23,300",0
Sell,FGI,LGT,Equities,4 HK EQUITY,WHARF HOLDINGS LTD,HKD,23/2/2026,25.16,"-32,000",0
Buy,Personal,HSBC,Equities,CMS,CMS,USD,23/2/2026,"1,000,000.00",1,0
Sell,FGI,LGT,Bonds,US58013MEZ32 Corp,MCDONALD'S CORP,USD,23/2/2026,100.59,"-125,000",0
Sell,FGI,LGT,Bonds,US448579AT90 Corp,HYATT HOTELS CORP,USD,23/2/2026,103.74,"-130,000",0
Sell,FGI,LGT,Bonds,XS2057072477 Corp,CK HUTCHISON GROUP,GBP,23/2/2026,79.54,"-200,000",0
Buy,FGI,LGT,Equities,INS GY EQUITY,INSTONE REAL ESTATE GROUP SE,EUR,23/2/2026,9.78,"6,510",0
Buy,Sinowell,HSBC,PE,WJG LN EQUITY,WATKIN JONES PLC,GBP,24/2/2026,0.31,"200,000",0
Buy,Sinowell,HSBC,PE,WJG LN EQUITY,WATKIN JONES PLC,GBP,24/2/2026,0.31,"200,000",0
Buy,Sinowell,HSBC,PE,WJG LN EQUITY,WATKIN JONES PLC,GBP,24/2/2026,0.31,"69,643",0
Buy,Sinowell,HSBC,PE,WJG LN EQUITY,WATKIN JONES PLC,GBP,24/2/2026,0.31,"59,399",0
Buy,FGI,LGT,PE,WJG LN EQUITY,WATKIN JONES PLC,GBP,26/2/2026,0.32,"1,590",0
Buy,FGI,LGT,PE,WJG LN EQUITY,WATKIN JONES PLC,GBP,26/2/2026,0.33,"200,000",0
Buy,FGI,LGT,PE,WJG LN EQUITY,WATKIN JONES PLC,GBP,26/2/2026,0.33,"200,000",0
Buy,FGI,LGT,PE,WJG LN EQUITY,WATKIN JONES PLC,GBP,26/2/2026,0.33,"200,000",0
Buy,FGI,LGT,PE,WJG LN EQUITY,WATKIN JONES PLC,GBP,26/2/2026,0.33,"200,000",0
Buy,FGI,LGT,PE,WJG LN EQUITY,WATKIN JONES PLC,GBP,26/2/2026,0.33,"200,000",0
Buy,FGI,LGT,PE,WJG LN EQUITY,WATKIN JONES PLC,GBP,26/2/2026,0.33,"50,000",0
Buy,FGI,LGT,PE,WJG LN EQUITY,WATKIN JONES PLC,GBP,26/2/2026,0.33,"50,000",0
Buy,FGI,LGT,PE,WJG LN EQUITY,WATKIN JONES PLC,GBP,26/2/2026,0.32,"50,000",0
Buy,FGI,LGT,PE,WJG LN EQUITY,WATKIN JONES PLC,GBP,26/2/2026,0.33,"50,000",0
Buy,FGI,LGT,PE,WJG LN EQUITY,WATKIN JONES PLC,GBP,26/2/2026,0.32,"50,000",0
Buy,FGI,LGT,PE,WJG LN EQUITY,WATKIN JONES PLC,GBP,26/2/2026,0.32,"50,000",0
Buy,FGI,LGT,PE,WJG LN EQUITY,WATKIN JONES PLC,GBP,26/2/2026,0.32,"50,000",0
Buy,FGI,LGT,PE,WJG LN EQUITY,WATKIN JONES PLC,GBP,26/2/2026,0.32,"50,000",0
Buy,Sinowell,HSBC,PE,WJG LN EQUITY,WATKIN JONES PLC,GBP,27/2/2026,0.33,"200,000",0
Buy,Sinowell,HSBC,PE,WJG LN EQUITY,WATKIN JONES PLC,GBP,27/2/2026,0.33,"300,000",0
Buy,Sinowell,HSBC,PE,WJG LN EQUITY,WATKIN JONES PLC,GBP,27/2/2026,0.33,"300,000",0
Buy,Sinowell,HSBC,PE,WJG LN EQUITY,WATKIN JONES PLC,GBP,27/2/2026,0.33,"1,585",0
Buy,Sinowell,HSBC,PE,WJG LN EQUITY,WATKIN JONES PLC,GBP,27/2/2026,0.33,"18,563",0
Buy,Sinowell,HSBC,PE,WJG LN EQUITY,WATKIN JONES PLC,GBP,2/3/2026,0.35,"250,000",0
Buy,Sinowell,HSBC,PE,WJG LN EQUITY,WATKIN JONES PLC,GBP,2/3/2026,0.34,"250,000",0
Buy,Sinowell,HSBC,PE,WJG LN EQUITY,WATKIN JONES PLC,GBP,2/3/2026,0.34,"300,000",0
Buy,Sinowell,HSBC,PE,WJG LN EQUITY,WATKIN JONES PLC,GBP,3/3/2026,0.34,"200,000",0
Buy,Sinowell,HSBC,PE,WJG LN EQUITY,WATKIN JONES PLC,GBP,3/3/2026,0.34,"250,000",0
Buy,Sinowell,HSBC,PE,WJG LN EQUITY,WATKIN JONES PLC,GBP,3/3/2026,0.34,"250,000",0
Buy,Sinowell,HSBC,PE,WJG LN EQUITY,WATKIN JONES PLC,GBP,3/3/2026,0.34,"100,000",0
Buy,Sinowell,HSBC,PE,WJG LN EQUITY,WATKIN JONES PLC,GBP,3/3/2026,0.34,"187,712",0
Buy,Sinowell,HSBC,PE,WJG LN EQUITY,WATKIN JONES PLC,GBP,3/3/2026,0.34,"136,804",0
Buy,Sinowell,HSBC,Equities,2800 HK EQUITY,TRACKER FUND OF HONG KONG-B,HKD,4/3/2026,25.6,"61,000",0
Buy,Sinowell,HSBC,Equities,293 HK EQUITY,CATHAY PACIFIC AIRWAYS,HKD,4/3/2026,12.56,"125,000",0
Sell,Sinowell,HSBC,Equities,857 HK EQUITY,PETROCHINA CO LTD-H,HKD,4/3/2026,9.84,"-396,000",0
Buy,Sinowell,HSBC,PE,WJG LN EQUITY,WATKIN JONES PLC,GBP,4/3/2026,0.31,"14,079",0
Buy,Sinowell,HSBC,PE,WJG LN EQUITY,WATKIN JONES PLC,GBP,4/3/2026,0.34,"200,000",0
Buy,Sinowell,HSBC,PE,WJG LN EQUITY,WATKIN JONES PLC,GBP,4/3/2026,0.34,"200,000",0
Buy,Sinowell,HSBC,PE,WJG LN EQUITY,WATKIN JONES PLC,GBP,4/3/2026,0.34,"100,000",0
Buy,Sinowell,HSBC,PE,WJG LN EQUITY,WATKIN JONES PLC,GBP,4/3/2026,0.34,"100,000",0
Buy,Sinowell,HSBC,PE,WJG LN EQUITY,WATKIN JONES PLC,GBP,4/3/2026,0.34,"200,000",0
Buy,Sinowell,HSBC,PE,WJG LN EQUITY,WATKIN JONES PLC,GBP,4/3/2026,0.34,"150,000",0
Buy,Sinowell,HSBC,PE,WJG LN EQUITY,WATKIN JONES PLC,GBP,4/3/2026,0.34,"100,000",0
Buy,Sinowell,HSBC,PE,WJG LN EQUITY,WATKIN JONES PLC,GBP,4/3/2026,0.33,"100,000",0
Buy,Sinowell,HSBC,PE,WJG LN EQUITY,WATKIN JONES PLC,GBP,5/3/2026,0.33,"100,000",0
Buy,Sinowell,HSBC,PE,WJG LN EQUITY,WATKIN JONES PLC,GBP,5/3/2026,0.33,"300,000",0
Buy,FGI,LGT,Cash,Cash - EUR,Cash - EUR,EUR,6/3/2026,"63,651.00",1,0
Buy,FGI,LGT,Cash,Cash - GBP,Cash - GBP,GBP,6/3/2026,"411,910.00",1,0
Buy,FGI,LGT,Cash,Cash - HKD,Cash - HKD,HKD,6/3/2026,"697,789.85",1,0
Sell,FGI,LGT,Cash,Cash - USD,Cash - USD,USD,6/3/2026,"283,363.00",-1,0
Sell,FGI,LGT,Cash,Cash - JPY,Cash - JPY,JPY,6/3/2026,"99,514.00",-1,0
Sell,FGI,LGT,Fixed deposits,Deposit HKD,Deposit HKD,HKD,6/3/2026,"3,517,000.00",-1,0
Buy,Sinowell,HSBC,Cash,Cash - GBP,Cash - GBP,GBP,6/3/2026,"678,769.00",1,0
Sell,Sinowell,HSBC,Cash,Cash - HKD,Cash - HKD,HKD,6/3/2026,"34,199.00",-1,0
Sell,Sinowell,HSBC,Cash,Cash - USD,Cash - USD,USD,6/3/2026,"2,979,624.00",-1,0
Buy,Sinowell,HSBC,Fixed deposits,Deposit USD,Deposit USD,USD,6/3/2026,"1,582,495.00",1,0
Buy,Personal,HSBC,Cash,Cash - USD,Cash - USD,USD,6/3/2026,"499,998.00",1,0
Buy,Sinowell,HSBC,PE,WJG LN EQUITY,WATKIN JONES PLC,GBP,6/3/2026,0.33,"250,000",0
Buy,Sinowell,HSBC,PE,WJG LN EQUITY,WATKIN JONES PLC,GBP,6/3/2026,0.33,"250,000",0
Buy,Sinowell,HSBC,PE,WJG LN EQUITY,WATKIN JONES PLC,GBP,6/3/2026,0.33,"250,000",0
Buy,Sinowell,HSBC,PE,WJG LN EQUITY,WATKIN JONES PLC,GBP,6/3/2026,0.33,"250,000",0
Buy,Sinowell,HSBC,PE,WJG LN EQUITY,WATKIN JONES PLC,GBP,9/3/2026,0.32,"250,000",0
Buy,Sinowell,HSBC,PE,WJG LN EQUITY,WATKIN JONES PLC,GBP,9/3/2026,0.31,"128,346",0
Buy,FGI,LGT,PE,WJG LN EQUITY,WATKIN JONES PLC,GBP,9/3/2026,0.32,"300,000",0
Buy,FGI,LGT,PE,WJG LN EQUITY,WATKIN JONES PLC,GBP,10/3/2026,0.3,"150,000",0
Buy,FGI,LGT,PE,WJG LN EQUITY,WATKIN JONES PLC,GBP,10/3/2026,0.3,"150,000",0
Buy,Sinowell,HSBC,Cash,Cash - HKD,Cash - HKD,HKD,11/3/2026,"4,200,000.00",1,0
Buy,Sinowell,HSBC,PE,WJG LN EQUITY,WATKIN JONES PLC,GBP,12/3/2026,0.29,"150,000",0
Buy,Sinowell,HSBC,PE,WJG LN EQUITY,WATKIN JONES PLC,GBP,12/3/2026,0.29,"150,000",0
Buy,Sinowell,HSBC,Cash,Cash - GBP,Cash - GBP,GBP,12/3/2026,"635,758.07",1,0
Sell,Sinowell,HSBC,Cash,Cash - HKD,Cash - HKD,HKD,12/3/2026,"6,700,000.00",-1,0
Buy,Sinowell,HSBC,PE,WJG LN EQUITY,WATKIN JONES PLC,GBP,13/3/2026,0.29,"40,568",0
Buy,Sinowell,HSBC,PE,WJG LN EQUITY,WATKIN JONES PLC,GBP,13/3/2026,0.29,"200,000",0
Buy,Sinowell,HSBC,PE,WJG LN EQUITY,WATKIN JONES PLC,GBP,13/3/2026,0.29,"200,000",0
Buy,Sinowell,HSBC,PE,WJG LN EQUITY,WATKIN JONES PLC,GBP,16/3/2026,0.3,"250,000",0
Buy,Sinowell,HSBC,PE,WJG LN EQUITY,WATKIN JONES PLC,GBP,16/3/2026,0.3,"250,000",0
Buy,Sinowell,HSBC,PE,WJG LN EQUITY,WATKIN JONES PLC,GBP,16/3/2026,0.3,"500,000",0
Buy,Sinowell,HSBC,PE,WJG LN EQUITY,WATKIN JONES PLC,GBP,16/3/2026,0.29,"250,000",0
Buy,Sinowell,HSBC,PE,WJG LN EQUITY,WATKIN JONES PLC,GBP,17/3/2026,0.29,"250,000",0
Buy,Sinowell,HSBC,Cash,Cash - GBP,Cash - GBP,GBP,20/3/2026,"30,000.00",1,0
Buy,Sinowell,HSBC,PE,WJG LN EQUITY,WATKIN JONES PLC,GBP,23/3/2026,0.27,"250,000",0
Sell,FGI,LGT,Equities,173 HK EQUITY,K WAH,HKD,30/3/2026,2,-50000,0
0,0,0,0,0,0,0,, -   , -   ,0
0,0,0,0,0,0,0,, -   , -   ,0
0,0,0,0,0,0,0,, -   , -   ,0
0,0,0,0,0,0,0,, -   , -   ,0
0,0,0,0,0,0,0,, -   , -   ,0
0,0,0,0,0,0,0,, -   , -   ,0
0,0,0,0,0,0,0,, -   , -   ,0
0,0,0,0,0,0,0,, -   , -   ,0
0,0,0,0,0,0,0,, -   , -   ,0
0,0,0,0,0,0,0,, -   , -   ,0
0,0,0,0,0,0,0,, -   , -   ,0
0,0,0,0,0,0,0,, -   , -   ,0
0,0,0,0,0,0,0,, -   , -   ,0
0,0,0,0,0,0,0,, -   , -   ,0
0,0,0,0,0,0,0,, -   , -   ,0
0,0,0,0,0,0,0,, -   , -   ,0
0,0,0,0,0,0,0,, -   , -   ,0
0,0,0,0,0,0,0,, -   , -   ,0
0,0,0,0,0,0,0,, -   , -   ,0
0,0,0,0,0,0,0,, -   , -   ,0
0,0,0,0,0,0,0,, -   , -   ,0
0,0,0,0,0,0,0,, -   , -   ,0
0,0,0,0,0,0,0,, -   , -   ,0
0,0,0,0,0,0,0,, -   , -   ,0
0,0,0,0,0,0,0,, -   , -   ,0
0,0,0,0,0,0,0,, -   , -   ,0
0,0,0,0,0,0,0,, -   , -   ,0
0,0,0,0,0,0,0,, -   , -   ,0
0,0,0,0,0,0,0,, -   , -   ,0
0,0,0,0,0,0,0,, -   , -   ,0
0,0,0,0,0,0,0,, -   , -   ,0
0,0,0,0,0,0,0,, -   , -   ,0
0,0,0,0,0,0,0,, -   , -   ,0
0,0,0,0,0,0,0,, -   , -   ,0
0,0,0,0,0,0,0,, -   , -   ,0
0,0,0,0,0,0,0,, -   , -   ,0
0,0,0,0,0,0,0,, -   , -   ,0
0,0,0,0,0,0,0,, -   , -   ,0
0,0,0,0,0,0,0,, -   , -   ,0
0,0,0,0,0,0,0,, -   , -   ,0
0,0,0,0,0,0,0,, -   , -   ,0
0,0,0,0,0,0,0,, -   , -   ,0
0,0,0,0,0,0,0,, -   , -   ,0
0,0,0,0,0,0,0,, -   , -   ,0
0,0,0,0,0,0,0,, -   , -   ,0
0,0,0,0,0,0,0,, -   , -   ,0
0,0,0,0,0,0,0,, -   , -   ,0
0,0,0,0,0,0,0,, -   , -   ,0
0,0,0,0,0,0,0,, -   , -   ,0
0,0,0,0,0,0,0,, -   , -   ,0
0,0,0,0,0,0,0,, -   , -   ,0
0,0,0,0,0,0,0,, -   , -   ,0
0,0,0,0,0,0,0,, -   , -   ,0
0,0,0,0,0,0,0,, -   , -   ,0
0,0,0,0,0,0,0,, -   , -   ,0
0,0,0,0,0,0,0,, -   , -   ,0
0,0,0,0,0,0,0,, -   , -   ,0
0,0,0,0,0,0,0,, -   , -   ,0
0,0,0,0,0,0,0,, -   , -   ,0
0,0,0,0,0,0,0,, -   , -   ,0
0,0,0,0,0,0,0,, -   , -   ,0
0,0,0,0,0,0,0,, -   , -   ,0
0,0,0,0,0,0,0,, -   , -   ,0
0,0,0,0,0,0,0,, -   , -   ,0
0,0,0,0,0,0,0,, -   , -   ,0
0,0,0,0,0,0,0,, -   , -   ,0
0,0,0,0,0,0,0,, -   , -   ,0
0,0,0,0,0,0,0,, -   , -   ,0
0,0,0,0,0,0,0,, -   , -   ,0
0,0,0,0,0,0,0,, -   , -   ,0
0,0,0,0,0,0,0,, -   , -   ,0
0,0,0,0,0,0,0,, -   , -   ,0
0,0,0,0,0,0,0,, -   , -   ,0
0,0,0,0,0,0,0,, -   , -   ,0
0,0,0,0,0,0,0,, -   , -   ,0
0,0,0,0,0,0,0,, -   , -   ,0
0,0,0,0,0,0,0,, -   , -   ,0
0,0,0,0,0,0,0,, -   , -   ,0
0,0,0,0,0,0,0,, -   , -   ,0
0,0,0,0,0,0,0,, -   , -   ,0
0,0,0,0,0,0,0,, -   , -   ,0
0,0,0,0,0,0,0,, -   , -   ,0
0,0,0,0,0,0,0,, -   , -   ,0
0,0,0,0,0,0,0,, -   , -   ,0
0,0,0,0,0,0,0,, -   , -   ,0
0,0,0,0,0,0,0,, -   , -   ,0
0,0,0,0,0,0,0,, -   , -   ,0
0,0,0,0,0,0,0,, -   , -   ,0
0,0,0,0,0,0,0,, -   , -   ,0
0,0,0,0,0,0,0,, -   , -   ,0
0,0,0,0,0,0,0,, -   , -   ,0
0,0,0,0,0,0,0,, -   , -   ,0
0,0,0,0,0,0,0,, -   , -   ,0
0,0,0,0,0,0,0,, -   , -   ,0
0,0,0,0,0,0,0,, -   , -   ,0
0,0,0,0,0,0,0,, -   , -   ,0
0,0,0,0,0,0,0,, -   , -   ,0
0,0,0,0,0,0,0,, -   , -   ,0
0,0,0,0,0,0,0,, -   , -   ,0
0,0,0,0,0,0,0,, -   , -   ,0
0,0,0,0,0,0,0,, -   , -   ,0
0,0,0,0,0,0,0,, -   , -   ,0
0,0,0,0,0,0,0,, -   , -   ,0
0,0,0,0,0,0,0,, -   , -   ,0
0,0,0,0,0,0,0,, -   , -   ,0
0,0,0,0,0,0,0,, -   , -   ,0
0,0,0,0,0,0,0,, -   , -   ,0
0,0,0,0,0,0,0,, -   , -   ,0
0,0,0,0,0,0,0,, -   , -   ,0
0,0,0,0,0,0,0,, -   , -   ,0
0,0,0,0,0,0,0,, -   , -   ,0
0,0,0,0,0,0,0,, -   , -   ,0
0,0,0,0,0,0,0,, -   , -   ,0
0,0,0,0,0,0,0,, -   , -   ,0
0,0,0,0,0,0,0,, -   , -   ,0
0,0,0,0,0,0,0,, -   , -   ,0
0,0,0,0,0,0,0,, -   , -   ,0
0,0,0,0,0,0,0,, -   , -   ,0
0,0,0,0,0,0,0,, -   , -   ,0
0,0,0,0,0,0,0,, -   , -   ,0
0,0,0,0,0,0,0,, -   , -   ,0
0,0,0,0,0,0,0,, -   , -   ,0
0,0,0,0,0,0,0,, -   , -   ,0
0,0,0,0,0,0,0,, -   , -   ,0
0,0,0,0,0,0,0,, -   , -   ,0
0,0,0,0,0,0,0,, -   , -   ,0
0,0,0,0,0,0,0,, -   , -   ,0
0,0,0,0,0,0,0,, -   , -   ,0
0,0,0,0,0,0,0,, -   , -   ,0
0,0,0,0,0,0,0,, -   , -   ,0
0,0,0,0,0,0,0,, -   , -   ,0
0,0,0,0,0,0,0,, -   , -   ,0
0,0,0,0,0,0,0,, -   , -   ,0
0,0,0,0,0,0,0,, -   , -   ,0
0,0,0,0,0,0,0,, -   , -   ,0
0,0,0,0,0,0,0,, -   , -   ,0
0,0,0,0,0,0,0,, -   , -   ,0
0,0,0,0,0,0,0,, -   , -   ,0
0,0,0,0,0,0,0,, -   , -   ,0
0,0,0,0,0,0,0,, -   , -   ,0
0,0,0,0,0,0,0,, -   , -   ,0
0,0,0,0,0,0,0,, -   , -   ,0
0,0,0,0,0,0,0,, -   , -   ,0
0,0,0,0,0,0,0,, -   , -   ,0
0,0,0,0,0,0,0,, -   , -   ,0
0,0,0,0,0,0,0,, -   , -   ,0
0,0,0,0,0,0,0,, -   , -   ,0
